open,max,min,close
1.43508,1.43522,1.43507,1.43519
1.43527,1.4353,1.43495,1.43529
1.43527,1.43543,1.43507,1.43521
1.43548,1.43548,1.43516,1.43529
1.4352,1.43538,1.43515,1.43531
1.43515,1.43543,1.43508,1.43541
1.43526,1.43533,1.43513,1.43527
1.43525,1.43533,1.43519,1.43525
1.4352,1.4354,1.4349,1.43539
1.4353,1.43549,1.4352,1.43549
1.43555,1.43565,1.43517,1.43552
1.43585,1.43591,1.43555,1.43579
1.43576,1.43601,1.43539,1.43583
1.43588,1.43592,1.43558,1.43567
1.43578,1.43583,1.43549,1.43561
1.43575,1.43579,1.43555,1.43579
1.43579,1.43589,1.43553,1.4357
1.4358,1.43586,1.4355,1.43572
1.43564,1.43585,1.43557,1.43577
1.43568,1.43587,1.43562,1.43586
1.43556,1.43579,1.43542,1.43578
1.43581,1.4359,1.43555,1.43567
1.43562,1.43576,1.43553,1.43568
1.4359,1.4359,1.43556,1.43579
1.43559,1.43586,1.43546,1.43585
1.4358,1.4359,1.43576,1.43588
1.4359,1.43596,1.43578,1.43583
1.43576,1.43596,1.43567,1.43595
1.43665,1.43703,1.43663,1.43677
1.43687,1.4369,1.43657,1.43678
1.4368,1.43695,1.43651,1.43669
1.43654,1.43675,1.43637,1.43671
1.43656,1.43668,1.43648,1.43668
1.43676,1.43677,1.43638,1.4365
1.4363,1.4366,1.43619,1.43652
1.43652,1.43663,1.43627,1.43654
1.43633,1.43662,1.43632,1.43656
1.43659,1.43675,1.43639,1.43661
1.43667,1.4367,1.43642,1.43645
1.43655,1.4366,1.43634,1.43652
1.43648,1.43668,1.43626,1.43653
1.43662,1.43669,1.43629,1.43647
1.43636,1.43667,1.43627,1.43662
1.43652,1.43665,1.43631,1.43637
1.43626,1.43652,1.43609,1.43633
1.43644,1.43656,1.43618,1.43647
1.43642,1.43649,1.4362,1.43642
1.43638,1.43654,1.43616,1.43629
1.43641,1.4365,1.43616,1.4365
1.43651,1.43654,1.43623,1.43648
1.43652,1.43659,1.43615,1.43649
1.4365,1.4368,1.43645,1.4367
1.43651,1.43685,1.43646,1.43669
1.43689,1.43701,1.43664,1.43695
1.43697,1.43706,1.43664,1.43697
1.43691,1.43716,1.43672,1.43694
1.43631,1.43656,1.43608,1.43645
1.43646,1.43656,1.43619,1.43643
1.43642,1.43649,1.43613,1.43634
1.43638,1.43657,1.43615,1.43641
1.43639,1.4365,1.43633,1.43643
1.43648,1.43659,1.43626,1.43648
1.43638,1.43658,1.43622,1.43625
1.43621,1.43657,1.43621,1.43653
1.43645,1.43659,1.43624,1.43653
1.43654,1.43659,1.43623,1.43646
1.43645,1.43661,1.43624,1.43644
1.43642,1.43666,1.43623,1.43659
1.43663,1.43676,1.43626,1.4365
1.43656,1.43668,1.43624,1.43651
1.43667,1.43682,1.43642,1.43662
1.43671,1.43687,1.43655,1.43677
1.43687,1.43691,1.4362,1.43668
1.4368,1.43683,1.43662,1.43676
1.4367,1.43686,1.43666,1.43678
1.43677,1.43689,1.4367,1.43685
1.4366,1.43689,1.4366,1.43684
1.43684,1.437,1.43662,1.43676
1.43673,1.43695,1.43666,1.43674
1.43673,1.43689,1.43664,1.43677
1.43686,1.43688,1.43657,1.43657
1.43648,1.43674,1.4364,1.4367
1.43666,1.43679,1.43649,1.43674
1.43675,1.43675,1.43636,1.43654
1.43677,1.43689,1.4367,1.43685
1.4366,1.43689,1.4366,1.43684
1.43684,1.437,1.43662,1.43676
1.43673,1.43695,1.43666,1.43674
1.43673,1.43689,1.43664,1.43677
1.43686,1.43688,1.43657,1.43657
1.43648,1.43674,1.4364,1.4367
1.43666,1.43679,1.43649,1.43674
1.43675,1.43675,1.43636,1.43654
1.43672,1.43677,1.43633,1.43648
1.43666,1.43678,1.43642,1.43663
1.43663,1.43669,1.43648,1.43662
1.43657,1.43681,1.43641,1.43681
1.43665,1.43677,1.43649,1.43677
1.43682,1.43688,1.43654,1.43686
1.43675,1.43714,1.43672,1.43708
1.43708,1.43708,1.43662,1.43665
1.43683,1.43708,1.43674,1.43706
1.43698,1.4371,1.43681,1.43701
1.43689,1.4371,1.43672,1.43696
1.437,1.43705,1.43692,1.43695
1.43684,1.4371,1.43678,1.4371
1.43707,1.43707,1.43675,1.43691
1.43697,1.43709,1.43684,1.43703
1.43702,1.4371,1.43681,1.43702
1.43692,1.43702,1.43677,1.43693
1.43694,1.43719,1.43681,1.43708
1.43695,1.43709,1.43692,1.43699
1.43636,1.43642,1.43612,1.43635
1.4364,1.43643,1.43613,1.43615
1.43628,1.43653,1.4362,1.43653
1.43658,1.43669,1.43625,1.43663
1.43633,1.43666,1.43623,1.43658
1.43654,1.43667,1.43623,1.43657
1.43643,1.43675,1.43642,1.43665
1.43656,1.43673,1.43645,1.43653
1.4366,1.43668,1.43636,1.43658
1.43654,1.43662,1.43639,1.43652
1.43631,1.43676,1.43631,1.43648
1.43656,1.43669,1.43642,1.43663
1.43635,1.43665,1.4363,1.43656
1.43653,1.43668,1.43643,1.43647
1.4366,1.43664,1.43631,1.4366
1.4366,1.43666,1.43643,1.43664
1.4365,1.4367,1.43633,1.43652
1.43658,1.43679,1.43636,1.43639
1.43637,1.4366,1.43625,1.43643
1.43649,1.43654,1.43636,1.43644
1.43628,1.43661,1.43628,1.4364
1.43644,1.43662,1.43635,1.43645
1.43632,1.43654,1.43632,1.43654
1.43643,1.43653,1.43632,1.43653
1.43638,1.43655,1.43626,1.4364
1.43645,1.43661,1.4363,1.43646
1.43635,1.43667,1.43621,1.43662
1.43663,1.43668,1.43625,1.43646
1.43656,1.43669,1.43642,1.43663
1.43635,1.43665,1.4363,1.43656
1.43653,1.43668,1.43643,1.43647
1.4366,1.43664,1.43631,1.4366
1.4366,1.43666,1.43643,1.43664
1.4365,1.4367,1.43633,1.43652
1.43658,1.43679,1.43636,1.43639
1.43637,1.4366,1.43625,1.43643
1.43649,1.43654,1.43636,1.43644
1.43628,1.43661,1.43628,1.4364
1.43644,1.43662,1.43635,1.43645
1.43632,1.43654,1.43632,1.43654
1.43643,1.43653,1.43632,1.43653
1.43638,1.43655,1.43626,1.4364
1.43645,1.43661,1.4363,1.43646
1.43635,1.43667,1.43621,1.43662
1.43663,1.43668,1.43625,1.43646
1.43644,1.43659,1.43611,1.43645
1.43647,1.4366,1.43623,1.43646
1.43638,1.43661,1.43621,1.43644
1.43652,1.4366,1.43628,1.43633
1.43657,1.43675,1.4365,1.43668
1.43664,1.43707,1.43628,1.43693
1.43695,1.43709,1.43673,1.43696
1.43706,1.43709,1.43652,1.43683
1.43693,1.43699,1.43674,1.43686
1.43693,1.43698,1.43662,1.43692
1.43679,1.43698,1.43674,1.43696
1.44306,1.44311,1.44256,1.44268
1.44251,1.44276,1.44216,1.44229
1.44222,1.4424,1.44191,1.44224
1.44228,1.44266,1.44213,1.44253
1.44269,1.44288,1.44224,1.44273
1.44277,1.44289,1.44242,1.44271
1.44271,1.4429,1.44226,1.4425
1.44232,1.44257,1.44196,1.44225
1.44224,1.44251,1.44157,1.44177
1.44186,1.44208,1.44156,1.44194
1.44204,1.44217,1.44162,1.44179
1.44159,1.44169,1.44117,1.44146
1.44151,1.44176,1.44133,1.44161
1.44158,1.44187,1.44115,1.44136
1.44138,1.44185,1.44114,1.44175
1.44169,1.44188,1.44157,1.44178
1.44172,1.4418,1.44142,1.44168
1.44165,1.4418,1.44135,1.44159
1.44155,1.4419,1.44144,1.44167
1.44154,1.44178,1.44132,1.44137
1.44144,1.44151,1.44104,1.44117
1.44099,1.44157,1.44077,1.44088
1.44088,1.44103,1.44034,1.44056
1.44048,1.44078,1.44024,1.44064
1.44063,1.4408,1.44034,1.44057
1.44036,1.44067,1.44021,1.44036
1.44036,1.44061,1.44001,1.44051
1.44036,1.44059,1.44005,1.44025
1.43959,1.43977,1.43925,1.43974
1.43974,1.4398,1.43922,1.43944
1.43955,1.43961,1.43912,1.43938
1.43939,1.43972,1.43932,1.43946
1.43939,1.43971,1.43912,1.43961
1.43943,1.43996,1.43936,1.43973
1.43973,1.44036,1.43954,1.43998
1.44004,1.44007,1.43946,1.43982
1.43966,1.44018,1.4396,1.43978
1.43997,1.44048,1.43986,1.44011
1.44015,1.44038,1.43983,1.43999
1.44012,1.44021,1.43975,1.44014
1.43994,1.44018,1.43962,1.43996
1.43994,1.44001,1.43935,1.4394
1.43944,1.43962,1.43899,1.43925
1.43912,1.43986,1.43912,1.43945
1.43948,1.43986,1.43915,1.43938
1.43958,1.4399,1.43935,1.43962
1.43984,1.4399,1.43952,1.43977
1.43988,1.44011,1.43932,1.43973
1.43961,1.44016,1.43928,1.4398
1.43977,1.44021,1.43946,1.44
1.44001,1.44074,1.43974,1.44053
1.44068,1.44098,1.44036,1.44056
1.44049,1.44077,1.44033,1.44074
1.44064,1.44079,1.44044,1.44074
1.44055,1.44127,1.44043,1.44098
1.44105,1.44145,1.44048,1.44125
1.44185,1.44211,1.44162,1.44195
1.44194,1.44197,1.44153,1.44184
1.44188,1.44209,1.44153,1.44195
1.44175,1.4421,1.44152,1.44194
1.44196,1.44222,1.44181,1.44196
1.44196,1.44218,1.44172,1.44192
1.44193,1.44208,1.44155,1.44168
1.44192,1.442,1.44152,1.442
1.44185,1.44209,1.4417,1.44177
1.44177,1.4422,1.44163,1.44207
1.44188,1.44219,1.44172,1.44208
1.44197,1.4422,1.44172,1.44205
1.44196,1.44208,1.44153,1.44194
1.44174,1.44196,1.44154,1.44176
1.44177,1.44191,1.44135,1.44172
1.44155,1.44176,1.44125,1.44148
1.44146,1.44159,1.44126,1.44129
1.44126,1.4414,1.44073,1.44104
1.44119,1.4415,1.44094,1.44133
1.4412,1.44147,1.44067,1.44124
1.44123,1.44137,1.44055,1.44065
1.44074,1.4409,1.44055,1.44066
1.44072,1.44091,1.44051,1.44078
1.44057,1.4408,1.44043,1.44064
1.44059,1.44089,1.44033,1.44065
1.44058,1.44083,1.4404,1.44045
1.44066,1.44081,1.44042,1.44058
1.44065,1.44089,1.4404,1.44067
1.43976,1.43988,1.43952,1.43983
1.43966,1.43998,1.4395,1.43979
1.43975,1.4399,1.43953,1.43966
1.43995,1.44008,1.43956,1.43986
1.43987,1.44036,1.43966,1.44013
1.44033,1.4405,1.43992,1.44024
1.44022,1.44041,1.43991,1.44031
1.44031,1.4405,1.43992,1.44007
1.4403,1.44077,1.44016,1.44052
1.44038,1.44107,1.44017,1.44074
1.44078,1.44108,1.44034,1.44077
1.44083,1.44087,1.44014,1.44037
1.44043,1.44068,1.44003,1.44046
1.44042,1.44053,1.44012,1.44027
1.44027,1.4406,1.44002,1.44045
1.44022,1.44069,1.44012,1.44046
1.44052,1.44054,1.44016,1.44042
1.44025,1.44063,1.44023,1.44037
1.44046,1.44053,1.43984,1.44014
1.44018,1.44032,1.43964,1.43996
1.44013,1.44035,1.43997,1.44013
1.44016,1.44039,1.43993,1.44022
1.44031,1.44057,1.44008,1.4405
1.44045,1.44066,1.43974,1.43995
1.43979,1.4403,1.43979,1.43989
1.43992,1.44028,1.43981,1.44006
1.44013,1.4403,1.43981,1.44005
1.44034,1.4404,1.43996,1.44001
1.44063,1.44078,1.44035,1.44064
1.44048,1.44085,1.44044,1.44055
1.44072,1.44091,1.44043,1.44072
1.44069,1.441,1.44043,1.44074
1.4407,1.44087,1.44,1.44008
1.44006,1.44026,1.43979,1.43992
1.43986,1.43991,1.43908,1.43953
1.43941,1.43994,1.43925,1.43952
1.43953,1.4399,1.43926,1.43967
1.43997,1.4402,1.43975,1.44005
1.44008,1.44023,1.43984,1.44002
1.43986,1.44034,1.43972,1.44014
1.44037,1.44061,1.44022,1.44054
1.44046,1.44084,1.4401,1.44019
1.44026,1.44056,1.44005,1.44026
1.44013,1.44048,1.44002,1.44021
1.44017,1.44048,1.44001,1.44028
1.44029,1.44077,1.44003,1.44046
1.44041,1.44075,1.44008,1.44054
1.44053,1.44073,1.44026,1.44053
1.44059,1.44069,1.44026,1.44052
1.44056,1.44115,1.44044,1.44091
1.44082,1.44114,1.44038,1.44091
1.44098,1.44138,1.44071,1.44118
1.44127,1.44138,1.44056,1.44075
1.44078,1.44097,1.44016,1.44025
1.4403,1.44054,1.43996,1.44017
1.44004,1.44009,1.43952,1.4396
1.43436,1.43462,1.43406,1.4345
1.43435,1.43551,1.43431,1.43524
1.43531,1.43538,1.43483,1.43525
1.43513,1.43528,1.4346,1.43488
1.43478,1.43498,1.43427,1.43454
1.43459,1.43497,1.43415,1.43482
1.43485,1.4352,1.43453,1.43475
1.43476,1.4349,1.43424,1.43465
1.43466,1.43486,1.43428,1.4344
1.43439,1.43453,1.43364,1.43399
1.43377,1.43427,1.43372,1.43408
1.43401,1.43417,1.43374,1.43402
1.43396,1.43409,1.43345,1.4336
1.43379,1.43406,1.43338,1.43373
1.43365,1.43376,1.43333,1.43343
1.43372,1.43388,1.43333,1.43366
1.43368,1.43392,1.43353,1.43374
1.43372,1.43381,1.4334,1.43381
1.43392,1.43392,1.43342,1.43356
1.43354,1.43388,1.43349,1.43374
1.43349,1.43377,1.43333,1.43358
1.43354,1.43358,1.43245,1.43267
1.43274,1.4329,1.43254,1.43267
1.43274,1.43294,1.43234,1.43255
1.43253,1.43277,1.43226,1.43263
1.43267,1.43288,1.43244,1.43245
1.43238,1.43285,1.4323,1.4328
1.43276,1.43365,1.43273,1.43364
1.43268,1.43288,1.43259,1.43267
1.43288,1.43323,1.4327,1.43323
1.43339,1.43344,1.43311,1.43328
1.43323,1.4333,1.43282,1.43297
1.43291,1.433,1.43279,1.43297
1.43312,1.4332,1.43271,1.43271
1.43299,1.43305,1.43277,1.43298
1.43297,1.43308,1.43253,1.43271
1.43295,1.433,1.43288,1.43293
1.43287,1.43318,1.43284,1.43296
1.43316,1.43336,1.43305,1.43325
1.43322,1.43329,1.4328,1.43303
1.43298,1.4332,1.4328,1.43301
1.43281,1.43323,1.43271,1.43311
1.43315,1.43328,1.43302,1.43317
1.43317,1.43323,1.43264,1.4329
1.43283,1.43303,1.43253,1.4328
1.4326,1.43282,1.43234,1.43245
1.43258,1.43266,1.43214,1.43237
1.43231,1.43254,1.4322,1.43242
1.43249,1.43255,1.43231,1.43243
1.43243,1.43287,1.4323,1.43276
1.43267,1.43289,1.43263,1.43275
1.43261,1.43272,1.43254,1.43272
1.43278,1.43287,1.4326,1.43273
1.43258,1.43286,1.43253,1.43265
1.43277,1.43289,1.4325,1.4325
1.43269,1.43287,1.4326,1.43282
1.43267,1.43284,1.43245,1.43271
1.43256,1.43289,1.4325,1.43274
1.43274,1.433,1.43268,1.43275
1.43286,1.43297,1.43261,1.43293
1.43286,1.43309,1.43283,1.43287
1.43267,1.43295,1.4326,1.43289
1.43289,1.43302,1.43289,1.43301
1.43293,1.43303,1.43269,1.43303
1.43277,1.4329,1.4324,1.43255
1.43245,1.43259,1.43231,1.43242
1.43252,1.43259,1.43232,1.43244
1.43244,1.43258,1.43221,1.43248
1.43251,1.43271,1.43233,1.43245
1.43251,1.43271,1.43237,1.43256
1.43254,1.43268,1.43241,1.43244
1.43235,1.4327,1.43223,1.43254
1.43255,1.43261,1.43249,1.43253
1.43243,1.43259,1.43238,1.43253
1.43262,1.4327,1.43237,1.43256
1.43245,1.43275,1.43227,1.43227
1.43236,1.43259,1.43213,1.43227
1.43226,1.43245,1.43174,1.43194
1.43192,1.43215,1.43172,1.43186
1.43185,1.43197,1.43165,1.43184
1.43186,1.43214,1.43172,1.43199
1.43192,1.43215,1.43173,1.43211
1.43193,1.43219,1.43179,1.43195
1.432,1.43208,1.4317,1.43186
1.43224,1.43239,1.43202,1.43225
1.43203,1.43231,1.43202,1.43214
1.43216,1.43226,1.43179,1.43203
1.43188,1.43207,1.43167,1.43196
1.43192,1.43204,1.43175,1.43193
1.43181,1.43215,1.43173,1.43204
1.43184,1.43216,1.43162,1.43185
1.43185,1.43208,1.43168,1.43187
1.43185,1.43214,1.43143,1.43176
1.43172,1.4318,1.43138,1.43167
1.43157,1.43178,1.43152,1.43164
1.43173,1.43179,1.43152,1.43179
1.43159,1.43205,1.4315,1.43166
1.43192,1.43192,1.43143,1.43174
1.43165,1.4318,1.4315,1.43173
1.43157,1.4318,1.43151,1.43173
1.43167,1.43212,1.43161,1.43185
1.43191,1.43204,1.43163,1.43185
1.43177,1.43234,1.43164,1.43197
1.43182,1.432,1.43158,1.43185
1.4319,1.43195,1.43183,1.43191
1.4321,1.43214,1.43183,1.43185
1.43176,1.43198,1.43169,1.43188
1.43173,1.43223,1.43167,1.43187
1.43179,1.43184,1.43158,1.4317
1.43173,1.43181,1.43151,1.43174
1.43168,1.43179,1.4316,1.43164
1.43149,1.43188,1.43127,1.43152
1.43242,1.43257,1.43242,1.43253
1.43284,1.43286,1.43279,1.43283
1.43288,1.43293,1.43277,1.43277
1.43289,1.43303,1.43289,1.43295
1.43299,1.433,1.43292,1.43294
1.43284,1.43294,1.43279,1.43294
1.43293,1.43293,1.4328,1.4328
1.43286,1.43291,1.43253,1.43253
1.43247,1.43261,1.43247,1.43247
1.4329,1.433,1.4329,1.43293
1.4329,1.43302,1.4329,1.43291
1.43285,1.43301,1.43277,1.43301
1.43303,1.43303,1.43287,1.43294
1.43284,1.43291,1.43279,1.43286
1.43284,1.43284,1.43279,1.43284
1.43286,1.43286,1.43277,1.43277
1.43279,1.43295,1.43278,1.43295
1.43275,1.43275,1.43237,1.43243
1.43235,1.43235,1.43213,1.43226
1.4327,1.43275,1.43248,1.43263
1.4326,1.43271,1.43255,1.43258
1.43265,1.43286,1.43261,1.43266
1.43269,1.43269,1.43258,1.43264
1.43283,1.43292,1.43276,1.43291
1.43293,1.43293,1.43277,1.43277
1.43285,1.43292,1.43278,1.43292
1.43293,1.43296,1.43287,1.43288
1.43275,1.43293,1.43258,1.43258
1.43278,1.43279,1.4327,1.43276
1.43277,1.43291,1.43277,1.43291
1.4329,1.43294,1.43276,1.43291
1.43278,1.43287,1.4323,1.43248
1.43241,1.43241,1.43229,1.43232
1.43272,1.43281,1.43266,1.43275
1.43272,1.43285,1.43269,1.43274
1.43285,1.43292,1.43278,1.43278
1.43278,1.43291,1.43278,1.43285
1.43284,1.4329,1.43277,1.43282
1.43289,1.43289,1.43279,1.43283
1.4328,1.4329,1.43278,1.4329
1.43286,1.43291,1.43276,1.43276
1.43287,1.43288,1.43254,1.43256
1.4325,1.4326,1.43246,1.4326
1.4328,1.43288,1.43265,1.43275
1.43271,1.4328,1.43269,1.43273
1.43262,1.43272,1.43231,1.43231
1.43218,1.43223,1.43206,1.4322
1.43257,1.43262,1.43246,1.43262
1.43259,1.43261,1.43244,1.4326
1.43281,1.43287,1.43268,1.43287
1.43269,1.43272,1.43265,1.43265
1.43286,1.43286,1.43254,1.43257
1.43248,1.43261,1.43246,1.43258
1.43282,1.43288,1.43275,1.43283
1.43274,1.43281,1.43249,1.43249
1.43283,1.43292,1.4328,1.43282
1.43066,1.43097,1.43044,1.43054
1.43056,1.43116,1.43037,1.43067
1.43053,1.43112,1.43031,1.4307
1.43061,1.43087,1.43013,1.43021
1.43024,1.43048,1.42993,1.43003
1.43022,1.43061,1.42978,1.43007
1.43008,1.43036,1.42956,1.42967
1.42976,1.43008,1.42972,1.43005
1.43006,1.43054,1.42975,1.42994
1.42984,1.43003,1.42945,1.42999
1.43003,1.4305,1.42977,1.42987
1.43021,1.43046,1.42976,1.43017
1.43,1.43016,1.42972,1.43005
1.4301,1.4306,1.42982,1.43014
1.43038,1.43062,1.42975,1.43012
1.42997,1.43077,1.42985,1.43012
1.43021,1.43043,1.42989,1.43018
1.43017,1.43064,1.43006,1.43031
1.43028,1.43054,1.43013,1.43034
1.43052,1.43099,1.43016,1.43058
1.43054,1.43111,1.43034,1.43066
1.43063,1.43077,1.43042,1.43074
1.4306,1.43074,1.4302,1.43034
1.43042,1.43094,1.43032,1.43046
1.43053,1.43075,1.43033,1.43046
1.4306,1.43082,1.43031,1.43063
1.4306,1.43114,1.43033,1.43048
1.43066,1.43105,1.43035,1.43052
1.43156,1.43187,1.43107,1.43162
1.43164,1.43195,1.43137,1.43167
1.43165,1.43198,1.43124,1.43157
1.43154,1.43178,1.43124,1.43171
1.43174,1.4318,1.43097,1.43159
1.43165,1.43189,1.43124,1.43143
1.43154,1.43177,1.43132,1.43155
1.43154,1.43182,1.43127,1.43157
1.43145,1.43175,1.43115,1.43153
1.43171,1.43203,1.43136,1.43199
1.43199,1.43252,1.43171,1.43215
1.43213,1.43255,1.43193,1.43225
1.43225,1.43237,1.43178,1.43205
1.43205,1.43219,1.43173,1.43204
1.43183,1.43206,1.43132,1.43166
1.43155,1.43187,1.43135,1.43174
1.43165,1.43176,1.43124,1.43147
1.43147,1.43149,1.43048,1.43058
1.43054,1.43084,1.43034,1.43056
1.43067,1.4308,1.43023,1.43053
1.43041,1.43108,1.43041,1.43086
1.43086,1.43106,1.43044,1.43054
1.43066,1.43085,1.43033,1.43064
1.43068,1.43098,1.43018,1.43038
1.43039,1.43078,1.43016,1.43059
1.43051,1.43066,1.43008,1.43028
1.43024,1.43045,1.42975,1.42995
1.42995,1.43028,1.42972,1.43015
1.43795,1.4382,1.43745,1.43784
1.43765,1.43799,1.43743,1.43775
1.43775,1.43848,1.43744,1.43834
1.43833,1.43849,1.43796,1.43827
1.43844,1.43939,1.43812,1.43921
1.43932,1.43948,1.43895,1.43917
1.43886,1.43919,1.43867,1.43904
1.43901,1.43911,1.43851,1.43859
1.43865,1.43878,1.43806,1.43843
1.43849,1.43899,1.43841,1.43892
1.43891,1.4392,1.43854,1.43899
1.43857,1.43894,1.43852,1.43859
1.43867,1.43878,1.43835,1.43855
1.43865,1.43884,1.43832,1.4388
1.43886,1.43901,1.43854,1.43876
1.43876,1.43888,1.43851,1.43875
1.43871,1.43886,1.43836,1.43866
1.43859,1.43909,1.43846,1.43894
1.43917,1.43931,1.43873,1.43894
1.43896,1.43916,1.438,1.43901
1.43905,1.43948,1.43884,1.43948
1.4396,1.43998,1.43922,1.43943
1.4394,1.43954,1.43886,1.43918
1.43913,1.43938,1.43883,1.43913
1.43922,1.43948,1.43883,1.43934
1.43941,1.43959,1.43885,1.43904
1.43885,1.43912,1.43876,1.439
1.43884,1.43913,1.4386,1.43896
1.43775,1.43848,1.43744,1.43834
1.43833,1.43849,1.43796,1.43827
1.43844,1.43939,1.43812,1.43921
1.43932,1.43948,1.43895,1.43917
1.43886,1.43919,1.43867,1.43904
1.43901,1.43911,1.43851,1.43859
1.43865,1.43878,1.43806,1.43843
1.43849,1.43899,1.43841,1.43892
1.43891,1.4392,1.43854,1.43899
1.43857,1.43894,1.43852,1.43859
1.43867,1.43878,1.43835,1.43855
1.43865,1.43884,1.43832,1.4388
1.43886,1.43901,1.43854,1.43876
1.43876,1.43888,1.43851,1.43875
1.43871,1.43886,1.43836,1.43866
1.43859,1.43909,1.43846,1.43894
1.43917,1.43931,1.43873,1.43894
1.43896,1.43916,1.438,1.43901
1.43905,1.43948,1.43884,1.43948
1.4396,1.43998,1.43922,1.43943
1.4394,1.43954,1.43886,1.43918
1.43913,1.43938,1.43883,1.43913
1.43922,1.43948,1.43883,1.43934
1.43941,1.43959,1.43885,1.43904
1.43885,1.43912,1.43876,1.439
1.43884,1.43913,1.4386,1.43896
1.43898,1.43917,1.43854,1.43876
1.43875,1.43898,1.43832,1.43875
1.44108,1.4417,1.44087,1.4409
1.44081,1.44106,1.44053,1.44068
1.44053,1.44097,1.44043,1.4408
1.44055,1.44079,1.44006,1.4403
1.44018,1.44035,1.43996,1.44
1.44022,1.44056,1.43987,1.44026
1.4401,1.44038,1.43975,1.44025
1.44021,1.44033,1.43968,1.43999
1.43991,1.44013,1.43968,1.44003
1.43984,1.44021,1.4398,1.44006
1.43991,1.43999,1.43936,1.43953
1.43943,1.44006,1.43899,1.43979
1.4397,1.44041,1.43964,1.44001
1.4399,1.44038,1.4399,1.44015
1.44016,1.4404,1.43983,1.44025
1.44014,1.4403,1.43983,1.43997
1.44014,1.4403,1.43969,1.44005
1.44014,1.44033,1.43976,1.44022
1.44022,1.44028,1.43985,1.44015
1.44002,1.44023,1.43966,1.43974
1.43968,1.43981,1.43953,1.43958
1.43949,1.43976,1.43925,1.43964
1.43977,1.4398,1.43928,1.4395
1.43958,1.43962,1.43921,1.43931
1.43945,1.43999,1.43942,1.43992
1.43999,1.44026,1.43964,1.43992
1.43996,1.44009,1.43927,1.4395
1.43941,1.43986,1.43908,1.43912
1.43999,1.44026,1.43964,1.43992
1.43996,1.44009,1.43927,1.4395
1.43941,1.43986,1.43908,1.43912
1.43961,1.43974,1.43911,1.43941
1.4393,1.43955,1.43885,1.43918
1.43901,1.43943,1.43898,1.43929
1.43922,1.43959,1.43917,1.4395
1.43943,1.43957,1.43929,1.43932
1.43923,1.43957,1.43911,1.43935
1.43935,1.4395,1.43903,1.43908
1.43903,1.43958,1.43886,1.43932
1.43935,1.43983,1.43885,1.43885
1.43887,1.43944,1.43864,1.43898
1.43894,1.43929,1.43876,1.43891
1.43873,1.43902,1.43866,1.43883
1.43895,1.43903,1.43843,1.43854
1.43851,1.43905,1.43844,1.43896
1.43904,1.43949,1.43885,1.43936
1.43916,1.43934,1.43874,1.43907
1.439,1.43919,1.43874,1.43912
1.4392,1.43962,1.43892,1.43928
1.43949,1.43994,1.43899,1.43963
1.43964,1.43978,1.43895,1.4395
1.43938,1.43984,1.43908,1.43972
1.43975,1.44027,1.43945,1.44
1.44003,1.44029,1.43982,1.44007
1.43997,1.44005,1.4397,1.43984
1.44007,1.44028,1.43976,1.44003
1.43943,1.43959,1.43904,1.43932
1.43933,1.43951,1.43902,1.43937
1.43919,1.43998,1.43917,1.43968
1.43968,1.44048,1.43954,1.44013
1.4401,1.44037,1.43972,1.44015
1.44015,1.4405,1.44001,1.44024
1.44013,1.44057,1.43985,1.44026
1.44037,1.44106,1.44006,1.44094
1.44089,1.44146,1.44074,1.44105
1.44102,1.44126,1.44027,1.44104
1.44135,1.44229,1.44087,1.44216
1.44209,1.44249,1.44159,1.44204
1.44216,1.44305,1.44205,1.44283
1.44264,1.44297,1.44207,1.44284
1.44258,1.44327,1.44246,1.44285
1.44272,1.44284,1.44226,1.44228
1.44228,1.44257,1.44205,1.44234
1.44234,1.44246,1.44175,1.44214
1.44214,1.44256,1.44193,1.44242
1.44246,1.44269,1.44187,1.44216
1.44217,1.44239,1.44184,1.44204
1.44209,1.44237,1.44138,1.44166
1.44156,1.44196,1.44119,1.44145
1.44152,1.44193,1.44111,1.44178
1.44184,1.44217,1.44143,1.44198
1.44187,1.44218,1.44171,1.44205
1.44212,1.44304,1.44198,1.44244
1.44284,1.443,1.44226,1.44275
1.44284,1.443,1.44226,1.44275
1.44271,1.44279,1.44232,1.44266
1.44266,1.44335,1.44253,1.44287
1.44279,1.44371,1.44247,1.44362
1.44369,1.44388,1.44295,1.44327
1.4434,1.44397,1.44305,1.4438
1.44383,1.44445,1.44327,1.44388
1.44388,1.4441,1.44299,1.4433
1.44323,1.44357,1.44283,1.44325
1.44323,1.44383,1.44294,1.44347
1.44341,1.44358,1.44296,1.44327
1.44337,1.44368,1.44293,1.44334
1.44307,1.4436,1.44297,1.44338
1.44319,1.44396,1.44306,1.44354
1.44358,1.44375,1.44305,1.44363
1.44383,1.44387,1.44322,1.44356
1.44358,1.44389,1.44323,1.44354
1.44335,1.4436,1.44297,1.44333
1.44335,1.44352,1.44304,1.44335
1.44337,1.44382,1.44324,1.44329
1.44364,1.4449,1.44349,1.44459
1.44463,1.44468,1.44348,1.44405
1.44394,1.44437,1.44361,1.44397
1.44379,1.44416,1.44353,1.44388
1.44392,1.44411,1.44352,1.44405
1.44371,1.44399,1.44354,1.44378
1.44379,1.444,1.44354,1.44385
1.4438,1.44415,1.44366,1.44385
1.44161,1.44198,1.44154,1.44177
1.44173,1.44198,1.44165,1.44178
1.44175,1.44216,1.44164,1.44188
1.4419,1.44198,1.44173,1.44185
1.44174,1.44198,1.44161,1.44184
1.44182,1.44197,1.44166,1.44189
1.44188,1.44199,1.44175,1.44186
1.44177,1.44189,1.44165,1.44181
1.44176,1.44191,1.4416,1.44174
1.44191,1.44214,1.44172,1.44199
1.44201,1.44237,1.44182,1.44234
1.44226,1.44244,1.44215,1.44225
1.44222,1.44228,1.442,1.44205
1.44227,1.44241,1.44209,1.44234
1.4421,1.44253,1.4421,1.44227
1.44222,1.44236,1.44205,1.44233
1.44218,1.44255,1.44213,1.44252
1.44245,1.44266,1.44233,1.44266
1.44246,1.44269,1.44241,1.44265
1.44257,1.44269,1.44243,1.44258
1.44251,1.44273,1.44243,1.44271
1.44274,1.44279,1.44253,1.44266
1.44253,1.4426,1.44227,1.44245
1.44238,1.44257,1.44205,1.44217
1.44208,1.44229,1.44191,1.44221
1.44226,1.44232,1.44204,1.44217
1.44205,1.44231,1.44202,1.44226
1.44216,1.44259,1.44206,1.44232
1.44142,1.4416,1.44132,1.44153
1.44148,1.44162,1.44136,1.44154
1.4417,1.44173,1.44141,1.44154
1.44168,1.44176,1.44132,1.44167
1.44188,1.44202,1.44126,1.4415
1.44141,1.4416,1.44136,1.44153
1.44149,1.44163,1.44131,1.44143
1.44123,1.44161,1.44121,1.44156
1.44148,1.44148,1.44117,1.44139
1.44146,1.44153,1.44118,1.4413
1.44133,1.44154,1.44125,1.44147
1.44148,1.44155,1.44132,1.44148
1.44157,1.44157,1.44118,1.44144
1.44142,1.44158,1.44138,1.44158
1.44157,1.44162,1.44144,1.44149
1.44142,1.44165,1.44139,1.44142
1.44136,1.44164,1.44136,1.44145
1.44132,1.44158,1.44115,1.44149
1.44152,1.44166,1.44138,1.44159
1.44157,1.44157,1.44109,1.4412
1.44137,1.44139,1.44093,1.44109
1.44088,1.44118,1.44084,1.44105
1.44101,1.44106,1.44086,1.4409
1.44083,1.44094,1.44071,1.44086
1.44069,1.44097,1.44057,1.44093
1.44092,1.44102,1.44073,1.44076
1.44077,1.44107,1.44063,1.44091
1.44084,1.44104,1.4403,1.44071
1.4432,1.4432,1.44292,1.44303
1.44343,1.44357,1.44309,1.44336
1.4433,1.44357,1.44308,1.44339
1.44349,1.44349,1.44316,1.44334
1.44337,1.44379,1.44326,1.44379
1.44366,1.44395,1.44354,1.44387
1.44356,1.44372,1.44323,1.44332
1.4432,1.44323,1.44282,1.44286
1.4426,1.44265,1.44241,1.44244
1.44234,1.44245,1.44193,1.44206
1.44196,1.44218,1.44185,1.44213
1.4419,1.44247,1.44184,1.4424
1.44243,1.44245,1.44205,1.44209
1.44227,1.44229,1.44181,1.44187
1.4421,1.4422,1.4419,1.44209
1.44206,1.44218,1.44199,1.4421
1.44224,1.4423,1.44204,1.44217
1.44227,1.44242,1.44212,1.44242
1.44223,1.44249,1.4421,1.44236
1.44212,1.44261,1.44212,1.44258
1.44261,1.44263,1.44234,1.44246
1.44238,1.44262,1.44226,1.44253
1.44239,1.44257,1.44235,1.44253
1.44246,1.44257,1.44232,1.44246
1.44226,1.44243,1.44213,1.44224
1.44213,1.44243,1.44211,1.44235
1.4422,1.44234,1.44208,1.44225
1.44216,1.44216,1.44181,1.44181
1.44119,1.44125,1.44067,1.44118
1.44123,1.44135,1.44113,1.44131
1.44116,1.44155,1.44093,1.4415
1.4415,1.44156,1.44105,1.44132
1.44144,1.44148,1.4412,1.44133
1.44134,1.44147,1.44112,1.4414
1.44133,1.44166,1.44113,1.44152
1.44141,1.44156,1.44113,1.44126
1.44123,1.44136,1.44091,1.44112
1.44111,1.44127,1.44109,1.44118
1.44107,1.44129,1.44091,1.44112
1.44134,1.44148,1.44102,1.44113
1.44119,1.44151,1.44119,1.44144
1.44151,1.44159,1.44114,1.44159
1.4415,1.44167,1.44115,1.4416
1.44155,1.4416,1.44111,1.44146
1.44141,1.44158,1.44114,1.44143
1.44148,1.44155,1.44114,1.44133
1.44135,1.44158,1.4412,1.44133
1.44131,1.44138,1.44093,1.44107
1.44105,1.44116,1.4405,1.44091
1.44078,1.44105,1.44045,1.44081
1.44086,1.44095,1.44051,1.44071
1.44086,1.44095,1.44045,1.4406
1.44068,1.44103,1.44053,1.44091
1.44103,1.44107,1.44072,1.44103
1.44099,1.44102,1.44068,1.44094
1.44094,1.44105,1.44063,1.44086
1.44586,1.44627,1.44572,1.44607
1.44605,1.44618,1.44575,1.44603
1.44577,1.44606,1.44562,1.44586
1.44595,1.4461,1.44553,1.44573
1.44578,1.44605,1.44553,1.44581
1.44581,1.44594,1.44516,1.44547
1.44546,1.44595,1.44507,1.44565
1.4456,1.44594,1.44524,1.44547
1.44539,1.44576,1.44524,1.4453
1.44538,1.44571,1.44516,1.44544
1.44535,1.4455,1.44504,1.4451
1.44514,1.44518,1.44463,1.44514
1.445,1.44536,1.44466,1.44521
1.44523,1.44544,1.44497,1.44543
1.44527,1.44555,1.44489,1.44547
1.44541,1.44565,1.44484,1.4453
1.44525,1.44546,1.44505,1.44524
1.44504,1.4455,1.44485,1.44536
1.44541,1.44548,1.44504,1.44527
1.44523,1.44539,1.44483,1.44516
1.4449,1.44515,1.44456,1.44477
1.44469,1.44496,1.44446,1.44474
1.44468,1.44515,1.44443,1.445
1.44503,1.44528,1.44475,1.44508
1.44508,1.44535,1.44466,1.44524
1.44516,1.4453,1.444,1.44418
1.44413,1.44428,1.44347,1.44366
1.44354,1.44363,1.44272,1.44317
1.44161,1.44186,1.44133,1.44164
1.4416,1.44179,1.44097,1.44117
1.44135,1.4416,1.44104,1.44127
1.44132,1.44149,1.44092,1.44133
1.44123,1.44157,1.44092,1.44134
1.44147,1.4415,1.44075,1.44086
1.44101,1.44129,1.44074,1.44102
1.44106,1.44123,1.44063,1.44123
1.44113,1.44138,1.44084,1.44116
1.44121,1.44145,1.44103,1.44133
1.4414,1.44222,1.44136,1.44187
1.44178,1.44219,1.44162,1.44197
1.4417,1.44226,1.44162,1.44206
1.44196,1.44208,1.44133,1.44149
1.4413,1.4415,1.43964,1.43987
1.43967,1.44046,1.43945,1.44003
1.44006,1.44087,1.43977,1.44073
1.44054,1.4408,1.43975,1.44006
1.43991,1.44008,1.43954,1.43977
1.43979,1.43996,1.43906,1.43926
1.43923,1.43926,1.43864,1.43914
1.43905,1.43947,1.43892,1.43909
1.43897,1.43917,1.43867,1.43887
1.43891,1.43964,1.43874,1.43951
1.43967,1.43971,1.43902,1.43935
1.43937,1.43966,1.43905,1.43945
1.43966,1.43972,1.43911,1.43936
1.4394,1.43963,1.43896,1.43947
1.43889,1.43935,1.43853,1.43927
1.4393,1.43978,1.43908,1.43953
1.43941,1.43978,1.43923,1.43963
1.43964,1.43999,1.43926,1.43949
1.4395,1.43957,1.43913,1.43938
1.43955,1.43989,1.43918,1.43966
1.43966,1.43992,1.43943,1.43967
1.43972,1.43995,1.43908,1.4393
1.43913,1.43947,1.43901,1.43935
1.43934,1.4395,1.43903,1.43926
1.43919,1.4394,1.43835,1.43881
1.43889,1.43909,1.43852,1.43894
1.43899,1.43936,1.43876,1.43888
1.43898,1.43922,1.4384,1.4391
1.43928,1.43949,1.43884,1.43922
1.43913,1.43936,1.43893,1.43913
1.43924,1.43965,1.43904,1.43934
1.43944,1.43998,1.4394,1.4396
1.43965,1.4401,1.43939,1.43989
1.44001,1.44052,1.43975,1.44035
1.44031,1.44057,1.43998,1.44032
1.44026,1.44048,1.44004,1.44028
1.44015,1.44039,1.43993,1.44023
1.44016,1.4405,1.44,1.4405
1.44041,1.44054,1.44017,1.44027
1.44031,1.44053,1.43979,1.44003
1.43998,1.44023,1.43977,1.44015
1.44009,1.44029,1.43993,1.44007
1.43634,1.4367,1.43614,1.43631
1.43627,1.43639,1.43598,1.43614
1.43608,1.4363,1.43572,1.43595
1.43597,1.43625,1.43574,1.43612
1.436,1.43628,1.43583,1.43602
1.4359,1.43605,1.43566,1.43591
1.43577,1.43618,1.43567,1.43613
1.43607,1.43625,1.43579,1.43614
1.43605,1.43639,1.43592,1.43625
1.43628,1.43628,1.43571,1.43584
1.436,1.4361,1.43573,1.43587
1.43572,1.43604,1.43536,1.43555
1.43547,1.43547,1.43445,1.43485
1.43513,1.4355,1.43491,1.43529
1.43533,1.43557,1.43509,1.43556
1.43575,1.43584,1.43539,1.4358
1.43572,1.4358,1.43551,1.43557
1.43547,1.43597,1.43541,1.43597
1.43578,1.43594,1.43557,1.4356
1.43551,1.43579,1.43542,1.43567
1.43566,1.43619,1.43555,1.43601
1.43598,1.43642,1.43598,1.43642
1.43636,1.43663,1.43611,1.43622
1.43593,1.43627,1.43582,1.43607
1.43608,1.4361,1.43566,1.43568
1.4358,1.43625,1.43568,1.436
1.43628,1.43645,1.43598,1.43628
1.4361,1.43633,1.43549,1.43602
1.43591,1.43604,1.43581,1.43594
1.43588,1.43607,1.43586,1.43598
1.43592,1.43602,1.43565,1.43565
1.43575,1.43612,1.43575,1.43597
1.43587,1.43613,1.43587,1.43603
1.43603,1.43611,1.436,1.436
1.43575,1.43606,1.43575,1.4358
1.43595,1.43609,1.43581,1.4359
1.43607,1.43607,1.43565,1.43605
1.43607,1.43613,1.43579,1.43583
1.4359,1.43612,1.43585,1.436
1.43598,1.43606,1.43586,1.43592
1.4359,1.43643,1.4359,1.43634
1.43645,1.43648,1.43634,1.43637
1.43648,1.43655,1.43629,1.43637
1.4362,1.43649,1.43609,1.43641
1.43642,1.43652,1.43633,1.43637
1.43642,1.43648,1.43629,1.43643
1.43628,1.43656,1.4362,1.43632
1.43645,1.43686,1.43641,1.43672
1.43656,1.43699,1.43648,1.43695
1.43688,1.43695,1.43653,1.43667
1.43666,1.43675,1.43634,1.43651
1.43634,1.43643,1.43621,1.43622
1.43616,1.43629,1.43606,1.43615
1.43621,1.4363,1.43603,1.43603
1.43601,1.43625,1.43591,1.43608
1.43592,1.43615,1.43563,1.43583
1.43592,1.43615,1.43563,1.43583
1.43584,1.43594,1.43558,1.43566
1.43577,1.43579,1.43539,1.43542
1.43536,1.4356,1.43502,1.43527
1.43532,1.43541,1.43519,1.43529
1.43534,1.43545,1.43522,1.43538
1.43542,1.43543,1.43515,1.43525
1.4353,1.43547,1.43524,1.43546
1.43535,1.43535,1.43506,1.43529
1.43525,1.4354,1.43512,1.4354
1.43524,1.43548,1.43503,1.43524
1.435,1.43525,1.43477,1.43505
1.43497,1.43512,1.43488,1.43489
1.43488,1.43513,1.43466,1.43501
1.43512,1.4352,1.43494,1.43515
1.43516,1.43543,1.43503,1.43527
1.43522,1.43552,1.4351,1.43552
1.4355,1.43564,1.43532,1.43558
1.43552,1.43574,1.43539,1.43567
1.43559,1.43593,1.43543,1.43593
1.43589,1.43589,1.43563,1.43579
1.43574,1.43586,1.43562,1.43577
1.43567,1.43582,1.43561,1.43582
1.43575,1.43585,1.43557,1.43562
1.43581,1.43604,1.43564,1.43591
1.43604,1.43609,1.43555,1.43562
1.43553,1.43589,1.43551,1.43577
1.43575,1.43586,1.43565,1.43584
1.43529,1.43537,1.4349,1.43537
1.43513,1.43548,1.43509,1.43544
1.43543,1.43576,1.43512,1.43559
1.43553,1.43557,1.43523,1.43544
1.43545,1.43569,1.43531,1.4356
1.43541,1.43563,1.43521,1.43563
1.43555,1.43564,1.43527,1.43551
1.43548,1.43554,1.43524,1.43532
1.43529,1.43547,1.43507,1.43539
1.43566,1.43566,1.43518,1.43522
1.43519,1.43522,1.43486,1.43499
1.43505,1.43523,1.43501,1.43519
1.43519,1.43541,1.43453,1.43478
1.4346,1.43506,1.43459,1.4349
1.43485,1.43495,1.43451,1.43484
1.43466,1.43492,1.43428,1.43435
1.43458,1.43493,1.43427,1.43478
1.43477,1.43496,1.43423,1.43461
1.43467,1.43493,1.43434,1.43463
1.43461,1.43488,1.43433,1.43475
1.43461,1.43474,1.43443,1.43455
1.43482,1.43489,1.43451,1.43466
1.43473,1.43519,1.4347,1.43496
1.43496,1.43519,1.43456,1.43495
1.43505,1.43526,1.43484,1.4351
1.43505,1.43537,1.43483,1.43512
1.43486,1.43502,1.43478,1.43484
1.43467,1.43497,1.43467,1.43486
1.43036,1.43106,1.43007,1.43055
1.43058,1.43112,1.43033,1.43112
1.43096,1.4313,1.42995,1.43014
1.43004,1.43041,1.42939,1.42979
1.42959,1.42976,1.42895,1.42957
1.42948,1.43041,1.4291,1.43017
1.43042,1.43152,1.4301,1.43124
1.43122,1.43128,1.43054,1.43058
1.43049,1.43082,1.42984,1.43021
1.43005,1.43025,1.42926,1.42938
1.42935,1.42935,1.42807,1.42895
1.42902,1.42955,1.42839,1.42908
1.42906,1.42937,1.42876,1.42899
1.42905,1.42963,1.42876,1.42945
1.42951,1.42956,1.42908,1.42927
1.42924,1.42948,1.42892,1.42935
1.42915,1.42937,1.42866,1.42905
1.42899,1.42916,1.42836,1.42888
1.42903,1.42946,1.42876,1.4291
1.42928,1.42989,1.429,1.42968
1.42972,1.43052,1.42954,1.43041
1.43047,1.43074,1.42985,1.43031
1.43036,1.43057,1.42976,1.4302
1.43009,1.43018,1.42957,1.4301
1.43016,1.43076,1.42965,1.43076
1.43052,1.43077,1.42985,1.43026
1.43028,1.43076,1.43005,1.43063
1.43059,1.43096,1.43013,1.43028
1.4343,1.43436,1.43366,1.43407
1.43392,1.43419,1.43374,1.43397
1.43382,1.4341,1.43353,1.43389
1.43363,1.43399,1.43337,1.43395
1.4338,1.43408,1.4337,1.43406
1.434,1.43416,1.43333,1.43367
1.43372,1.43386,1.43334,1.43354
1.43358,1.43386,1.43323,1.43369
1.43371,1.43462,1.43346,1.43458
1.4344,1.43487,1.43409,1.43458
1.43464,1.43505,1.43427,1.43485
1.43486,1.43498,1.43436,1.43484
1.43485,1.43487,1.43443,1.43466
1.43466,1.43485,1.43444,1.43458
1.43448,1.43477,1.43397,1.43448
1.43454,1.43505,1.43435,1.43458
1.43456,1.43486,1.43425,1.4347
1.43483,1.43497,1.43454,1.43484
1.43462,1.43486,1.43435,1.4347
1.43469,1.4349,1.43443,1.43466
1.43472,1.4348,1.43444,1.43463
1.43466,1.43483,1.43456,1.43466
1.4346,1.43506,1.43417,1.43479
1.43486,1.43499,1.43443,1.43483
1.4348,1.43508,1.43456,1.43507
1.4349,1.43513,1.43466,1.43505
1.43495,1.43503,1.43461,1.43475
1.43481,1.435,1.43462,1.43484
1.43847,1.43863,1.43778,1.43808
1.43816,1.43825,1.43762,1.43777
1.43776,1.43801,1.43744,1.43777
1.43766,1.43807,1.43732,1.43768
1.43768,1.43789,1.43741,1.43772
1.43761,1.43789,1.4374,1.43767
1.4376,1.4378,1.43723,1.43748
1.4374,1.43779,1.4373,1.43759
1.43759,1.4381,1.4375,1.43795
1.4382,1.43895,1.43792,1.43875
1.43893,1.43893,1.43823,1.43856
1.43842,1.43862,1.43756,1.43763
1.43758,1.43767,1.43708,1.43727
1.43731,1.43769,1.43697,1.43743
1.43766,1.43796,1.43718,1.43728
1.43736,1.43742,1.43685,1.43696
1.43706,1.43736,1.43666,1.43679
1.43677,1.43716,1.4362,1.43635
1.43626,1.43675,1.43623,1.43657
1.43652,1.43678,1.43634,1.43664
1.43654,1.43678,1.43633,1.43665
1.43626,1.43678,1.43599,1.43657
1.43654,1.4366,1.43616,1.43636
1.43648,1.43695,1.43615,1.43681
1.43689,1.43707,1.43665,1.43702
1.43704,1.43721,1.43673,1.43716
1.43713,1.43719,1.43674,1.43697
1.43709,1.43755,1.43676,1.43742
1.43758,1.43767,1.43708,1.43727
1.43731,1.43769,1.43697,1.43743
1.43766,1.43796,1.43718,1.43728
1.43736,1.43742,1.43685,1.43696
1.43706,1.43736,1.43666,1.43679
1.43677,1.43716,1.4362,1.43635
1.43626,1.43675,1.43623,1.43657
1.43652,1.43678,1.43634,1.43664
1.43654,1.43678,1.43633,1.43665
1.43626,1.43678,1.43599,1.43657
1.43654,1.4366,1.43616,1.43636
1.43648,1.43695,1.43615,1.43681
1.43689,1.43707,1.43665,1.43702
1.43704,1.43721,1.43673,1.43716
1.43713,1.43719,1.43674,1.43697
1.43709,1.43755,1.43676,1.43742
1.43746,1.43787,1.43725,1.43753
1.43757,1.43771,1.43702,1.43737
1.43727,1.4376,1.43701,1.43708
1.43723,1.43741,1.43694,1.43725
1.43721,1.4376,1.43695,1.43734
1.43743,1.43759,1.43699,1.43736
1.43747,1.43789,1.43711,1.43761
1.43765,1.43779,1.43701,1.43736
1.43756,1.43769,1.43695,1.43761
1.43769,1.43814,1.43745,1.43794
1.43801,1.4383,1.43782,1.43818
1.43816,1.43849,1.43794,1.43822
1.43952,1.43977,1.43915,1.43933
1.4393,1.43939,1.43864,1.43899
1.43888,1.4391,1.43871,1.43903
1.43913,1.4393,1.43876,1.43919
1.43924,1.43964,1.43886,1.43929
1.43961,1.43967,1.43892,1.43897
1.43896,1.43946,1.43872,1.43928
1.43921,1.43989,1.43896,1.43989
1.43988,1.44065,1.43951,1.44049
1.44036,1.44048,1.43995,1.44026
1.44037,1.44051,1.43996,1.44025
1.44031,1.44096,1.43995,1.4406
1.44059,1.44083,1.44042,1.44056
1.44063,1.44156,1.44051,1.44128
1.44136,1.44159,1.44105,1.44118
1.44121,1.44126,1.44063,1.44086
1.44089,1.44119,1.44075,1.44097
1.44104,1.4411,1.44058,1.44078
1.44078,1.44099,1.44027,1.44049
1.4404,1.44057,1.44013,1.44045
1.44054,1.44107,1.44042,1.44095
1.44101,1.44109,1.44054,1.44079
1.44068,1.44085,1.43992,1.44022
1.44031,1.44072,1.44001,1.44056
1.44082,1.44085,1.44006,1.44009
1.44014,1.44022,1.43984,1.44013
1.44018,1.44054,1.43989,1.44016
1.44027,1.44039,1.43986,1.44016
1.43876,1.43922,1.43869,1.43908
1.43898,1.43929,1.43884,1.43917
1.43915,1.43936,1.43895,1.43923
1.43911,1.43934,1.43898,1.43925
1.43908,1.43944,1.43887,1.43909
1.43905,1.43919,1.4388,1.43909
1.43908,1.43931,1.43891,1.43912
1.43909,1.43925,1.43894,1.43905
1.43906,1.43917,1.43894,1.43912
1.43903,1.43938,1.43884,1.43926
1.43934,1.4394,1.43894,1.43915
1.43891,1.43934,1.43887,1.43926
1.43898,1.4393,1.43893,1.43914
1.43915,1.43928,1.43886,1.43912
1.43922,1.43925,1.43904,1.43907
1.43924,1.43932,1.43904,1.43908
1.43906,1.43968,1.43894,1.43963
1.43951,1.43989,1.4394,1.43985
1.43984,1.43998,1.43954,1.43975
1.43983,1.44003,1.43957,1.43991
1.43995,1.44018,1.43962,1.43984
1.43985,1.44014,1.43974,1.43996
1.4399,1.44007,1.43979,1.43986
1.43984,1.44002,1.43972,1.43988
1.43983,1.43995,1.43958,1.43992
1.43993,1.44003,1.43972,1.43985
1.43985,1.44019,1.43974,1.4399
1.44,1.44014,1.43964,1.43979
1.44315,1.44321,1.44266,1.44293
1.44278,1.44318,1.44272,1.44315
1.44301,1.44319,1.4427,1.44298
1.44278,1.44306,1.44257,1.44288
1.44279,1.44295,1.4425,1.44275
1.44262,1.44281,1.44242,1.44281
1.44257,1.44277,1.4423,1.44269
1.44279,1.44308,1.44252,1.44279
1.44284,1.44327,1.44266,1.44279
1.44316,1.4432,1.44276,1.44285
1.44288,1.44299,1.44265,1.44294
1.4428,1.44297,1.44236,1.44248
1.44255,1.44259,1.44216,1.44227
1.44204,1.44234,1.44185,1.44209
1.44205,1.44239,1.44193,1.44219
1.44201,1.44227,1.44153,1.44173
1.44171,1.44193,1.44144,1.44161
1.44169,1.44177,1.44124,1.44147
1.44151,1.44155,1.44101,1.44128
1.4412,1.44146,1.44098,1.44144
1.44155,1.44171,1.44121,1.44154
1.44155,1.4416,1.44129,1.44142
1.44137,1.44155,1.44058,1.44068
1.44079,1.44116,1.44066,1.44096
1.44099,1.4412,1.44069,1.44111
1.44103,1.44111,1.44081,1.44102
1.4409,1.44102,1.44067,1.44077
1.44051,1.44101,1.44044,1.44085
1.44055,1.44085,1.44039,1.44061
1.44071,1.4408,1.44046,1.44065
1.4407,1.44075,1.4405,1.44062
1.44035,1.44084,1.4403,1.44075
1.44069,1.44089,1.44057,1.44064
1.44073,1.44132,1.44062,1.44124
1.44116,1.44127,1.44086,1.441
1.44094,1.44115,1.44084,1.44084
1.4408,1.44092,1.44066,1.44086
1.44085,1.44097,1.44057,1.4408
1.44086,1.44095,1.4404,1.44062
1.44053,1.44089,1.44022,1.44075
1.44067,1.44079,1.44052,1.44069
1.44077,1.44089,1.44061,1.44073
1.44066,1.44091,1.44056,1.44076
1.44043,1.4408,1.44041,1.4408
1.44087,1.44099,1.44058,1.4408
1.44093,1.44093,1.44059,1.44084
1.44078,1.44099,1.44071,1.44095
1.44067,1.44109,1.44065,1.44109
1.44087,1.44113,1.44071,1.44112
1.44094,1.44122,1.44081,1.4411
1.44115,1.44119,1.44065,1.44106
1.44089,1.4412,1.44074,1.44099
1.44096,1.44102,1.44091,1.44095
1.44102,1.44113,1.44065,1.44108
1.44102,1.44109,1.44089,1.44109
1.44084,1.44105,1.44077,1.44098
1.4393,1.43946,1.43903,1.43945
1.43922,1.4397,1.43922,1.43964
1.43936,1.43965,1.43931,1.43965
1.43981,1.43992,1.43957,1.43972
1.43993,1.44024,1.43955,1.44011
1.44019,1.44024,1.43985,1.44007
1.44017,1.44058,1.44011,1.44049
1.44056,1.4406,1.44017,1.44041
1.44028,1.44041,1.44019,1.44038
1.44041,1.44062,1.44007,1.44032
1.44055,1.44059,1.44024,1.4404
1.44039,1.4407,1.4403,1.44057
1.44047,1.44048,1.44003,1.44009
1.44029,1.4405,1.44011,1.44025
1.44017,1.44049,1.44012,1.44035
1.44029,1.44047,1.44004,1.44034
1.44019,1.44045,1.44003,1.44023
1.44019,1.4404,1.44011,1.44028
1.44,1.44018,1.43982,1.44008
1.4401,1.44014,1.43973,1.44004
1.44003,1.44027,1.43983,1.44003
1.43992,1.44015,1.43978,1.44015
1.44006,1.44008,1.43976,1.4399
1.43992,1.44018,1.43982,1.44007
1.43997,1.44016,1.43984,1.44016
1.44002,1.44047,1.43951,1.44047
1.44016,1.44034,1.43995,1.44029
1.44026,1.44028,1.43988,1.44009
1.44,1.44018,1.43982,1.44008
1.4401,1.44014,1.43973,1.44004
1.44003,1.44027,1.43983,1.44003
1.43992,1.44015,1.43978,1.44015
1.44006,1.44008,1.43976,1.4399
1.43992,1.44018,1.43982,1.44007
1.43997,1.44016,1.43984,1.44016
1.44002,1.44047,1.43951,1.44047
1.44016,1.44034,1.43995,1.44029
1.44026,1.44028,1.43988,1.44009
1.43997,1.4402,1.43967,1.44006
1.43995,1.4401,1.4399,1.44005
1.44008,1.44014,1.44006,1.44014
1.44012,1.44025,1.43989,1.43997
1.44036,1.44114,1.44036,1.44106
1.44098,1.44152,1.4409,1.44151
1.44137,1.44149,1.44089,1.4413
1.44122,1.44166,1.44122,1.44157
1.44166,1.44176,1.44128,1.4417
1.44148,1.44174,1.44136,1.44158
1.44126,1.44168,1.44122,1.44159
1.44162,1.44178,1.44156,1.44177
1.4415,1.44176,1.44142,1.44176
1.44165,1.44165,1.44134,1.44138
1.44152,1.44172,1.44133,1.44165
1.44203,1.44245,1.44187,1.44238
1.44273,1.44277,1.44239,1.44255
1.44253,1.44278,1.44231,1.4427
1.442,1.4422,1.44185,1.44207
1.44191,1.44209,1.44184,1.44207
1.44199,1.44203,1.44154,1.44165
1.44145,1.44178,1.44134,1.44152
1.44154,1.44159,1.44129,1.44147
1.44154,1.44181,1.44145,1.44159
1.44162,1.4417,1.44141,1.44152
1.44163,1.44181,1.44148,1.4416
1.44148,1.44173,1.44142,1.44158
1.44143,1.4423,1.44143,1.44218
1.44201,1.44218,1.44179,1.44193
1.44214,1.44219,1.44188,1.44213
1.44228,1.44239,1.44187,1.44209
1.44227,1.44257,1.44221,1.44245
1.44255,1.44259,1.44213,1.44213
1.44236,1.4424,1.44198,1.44209
1.44232,1.44234,1.44196,1.44202
1.44221,1.44221,1.44181,1.44193
1.44201,1.4421,1.44174,1.44175
1.44193,1.44209,1.44182,1.44209
1.44216,1.44217,1.44176,1.44176
1.44173,1.44217,1.44173,1.44207
1.44188,1.44219,1.44181,1.44219
1.4421,1.44216,1.44202,1.44215
1.44198,1.4422,1.44187,1.44216
1.44216,1.44219,1.44169,1.44192
1.44187,1.44215,1.44185,1.44206
1.44218,1.44233,1.44203,1.44219
1.44013,1.44035,1.44001,1.44022
1.44025,1.44037,1.43958,1.43986
1.43981,1.43994,1.43954,1.43982
1.43977,1.44005,1.43953,1.4399
1.44005,1.44018,1.43993,1.44011
1.4401,1.44047,1.43982,1.44028
1.44035,1.44048,1.44003,1.44029
1.44016,1.44029,1.44005,1.44023
1.44049,1.44072,1.44016,1.44053
1.44047,1.44073,1.43996,1.44029
1.4403,1.44051,1.44006,1.44023
1.4404,1.44045,1.44004,1.44033
1.44049,1.44055,1.44015,1.44042
1.4404,1.44046,1.44019,1.44035
1.44041,1.44049,1.44026,1.4403
1.44027,1.44046,1.44005,1.44025
1.44024,1.44054,1.44004,1.44022
1.44035,1.44044,1.44005,1.44026
1.4401,1.44019,1.43965,1.43979
1.43973,1.44004,1.43944,1.4397
1.43974,1.43988,1.43944,1.43958
1.43957,1.43975,1.4392,1.43952
1.43944,1.43961,1.43914,1.43945
1.43932,1.43992,1.43925,1.4397
1.43957,1.43986,1.43912,1.43975
1.43988,1.44006,1.43954,1.43993
1.43987,1.44,1.43949,1.43999
1.43973,1.44003,1.43952,1.4397
1.43834,1.43885,1.43821,1.43875
1.4388,1.43899,1.43836,1.43891
1.43869,1.43925,1.43866,1.43912
1.43893,1.43922,1.43865,1.43909
1.439,1.43933,1.43866,1.43888
1.43886,1.43922,1.43873,1.43893
1.43882,1.43907,1.43869,1.43894
1.43895,1.43933,1.43869,1.43907
1.43913,1.43933,1.43857,1.43882
1.43877,1.43903,1.43852,1.439
1.43892,1.43908,1.43864,1.43878
1.43874,1.43886,1.43844,1.43855
1.43831,1.43878,1.43823,1.43839
1.43845,1.43863,1.43818,1.43844
1.43839,1.43868,1.43824,1.43835
1.43837,1.43852,1.43766,1.43791
1.43789,1.43827,1.43741,1.43792
1.43787,1.43848,1.43777,1.43816
1.4382,1.43834,1.43772,1.43795
1.43803,1.43825,1.43757,1.43792
1.43807,1.43807,1.43736,1.43745
1.43735,1.43754,1.43698,1.43699
1.43727,1.43766,1.43707,1.43759
1.43768,1.43805,1.43754,1.4379
1.4378,1.43831,1.43763,1.43792
1.43808,1.43829,1.43759,1.43778
1.43796,1.43814,1.43745,1.43789
1.43793,1.43814,1.43775,1.43794
1.43777,1.43799,1.43753,1.43766
1.43763,1.43785,1.43732,1.43764
1.43771,1.43807,1.43742,1.43804
1.43779,1.43806,1.43754,1.4379
1.43777,1.43816,1.4375,1.43811
1.43805,1.43827,1.43764,1.43792
1.43778,1.43815,1.43774,1.43795
1.43796,1.43833,1.43774,1.43813
1.43817,1.43837,1.43785,1.43819
1.43821,1.4386,1.43784,1.43838
1.43846,1.43882,1.43797,1.43852
1.4385,1.43879,1.43809,1.43841
1.43856,1.43875,1.4382,1.43859
1.43857,1.43874,1.43805,1.43842
1.43818,1.43834,1.43696,1.43715
1.43697,1.43722,1.43667,1.43702
1.43704,1.43709,1.43625,1.43642
1.43647,1.43688,1.4361,1.43678
1.43652,1.4368,1.43616,1.43646
1.43651,1.43665,1.43606,1.43646
1.43652,1.43671,1.43611,1.43625
1.43626,1.43639,1.43553,1.43584
1.43591,1.43606,1.43553,1.4359
1.43591,1.43636,1.43565,1.43628
1.43592,1.43642,1.43575,1.43628
1.43642,1.4368,1.43607,1.43668
1.43666,1.43682,1.43597,1.43658
1.43654,1.43677,1.43597,1.43629
1.43629,1.43673,1.43588,1.43661
1.43651,1.43656,1.43579,1.43589
1.43579,1.4363,1.43556,1.43591
1.43597,1.43629,1.43565,1.43604
1.43605,1.43637,1.43573,1.43623
1.43611,1.43638,1.43582,1.4359
1.43606,1.43637,1.43586,1.43615
1.43608,1.43655,1.43577,1.43633
1.43628,1.43647,1.43593,1.43624
1.43615,1.43657,1.43577,1.43636
1.43632,1.43647,1.43592,1.43623
1.43627,1.43645,1.43585,1.43619
1.4362,1.43644,1.43585,1.43623
1.43621,1.43647,1.43593,1.43626
1.43633,1.43648,1.43595,1.43626
1.43622,1.43635,1.43594,1.43615
1.43617,1.43656,1.43595,1.43643
1.43652,1.43695,1.43624,1.43672
1.43678,1.43697,1.43599,1.43688
1.43659,1.43725,1.43616,1.43677
1.43688,1.43707,1.43644,1.43674
1.43676,1.43696,1.43609,1.43657
1.43642,1.43663,1.43603,1.43633
1.43627,1.43677,1.43605,1.43645
1.43634,1.43654,1.43614,1.43645
1.43661,1.43699,1.43633,1.43681
1.43684,1.43688,1.43614,1.43637
1.43628,1.43676,1.43623,1.43668
1.43611,1.43638,1.43582,1.4359
1.43606,1.43637,1.43586,1.43615
1.43608,1.43655,1.43577,1.43633
1.43628,1.43647,1.43593,1.43624
1.43615,1.43657,1.43577,1.43636
1.43632,1.43647,1.43592,1.43623
1.43627,1.43645,1.43585,1.43619
1.4362,1.43644,1.43585,1.43623
1.43621,1.43647,1.43593,1.43626
1.43633,1.43648,1.43595,1.43626
1.43622,1.43635,1.43594,1.43615
1.43617,1.43656,1.43595,1.43643
1.43652,1.43695,1.43624,1.43672
1.43678,1.43697,1.43599,1.43688
1.43659,1.43725,1.43616,1.43677
1.43688,1.43707,1.43644,1.43674
1.43676,1.43696,1.43609,1.43657
1.43642,1.43663,1.43603,1.43633
1.43627,1.43677,1.43605,1.43645
1.43634,1.43654,1.43614,1.43645
1.43661,1.43699,1.43633,1.43681
1.43684,1.43688,1.43614,1.43637
1.43628,1.43676,1.43623,1.43668
1.43679,1.43692,1.43637,1.43656
1.43648,1.43675,1.43596,1.43662
1.43652,1.43698,1.4364,1.43674
1.43677,1.43697,1.4366,1.43669
1.43672,1.43696,1.43643,1.43669
1.43504,1.43538,1.43482,1.435
1.43481,1.43523,1.43437,1.43461
1.43435,1.43456,1.43381,1.43436
1.43438,1.43458,1.43376,1.4343
1.43433,1.43487,1.43423,1.43464
1.43464,1.43487,1.43418,1.43439
1.4344,1.43476,1.43376,1.4344
1.43455,1.43482,1.43396,1.43424
1.43478,1.43492,1.43439,1.43488
1.43499,1.43527,1.43474,1.43505
1.43486,1.43516,1.43454,1.43497
1.43486,1.43517,1.43464,1.43494
1.43484,1.43507,1.43437,1.43448
1.43457,1.43483,1.43413,1.43437
1.43436,1.43474,1.43408,1.4347
1.43464,1.43506,1.43445,1.43495
1.4348,1.43497,1.43429,1.43472
1.43486,1.4352,1.43468,1.43506
1.43479,1.4355,1.43474,1.43544
1.43534,1.43567,1.43504,1.43541
1.43518,1.43555,1.43508,1.43536
1.43547,1.43554,1.43518,1.43538
1.43538,1.43548,1.43497,1.43541
1.4353,1.4355,1.43479,1.43547
1.43539,1.43557,1.43524,1.43551
1.43547,1.43572,1.43533,1.43555
1.43556,1.43566,1.43507,1.43521
1.43519,1.43526,1.43485,1.43506
1.43186,1.43207,1.43138,1.43194
1.43189,1.43195,1.43133,1.43166
1.43175,1.43199,1.43145,1.43175
1.43164,1.43206,1.43134,1.43203
1.43198,1.43232,1.4312,1.43141
1.43127,1.4315,1.43039,1.43076
1.43069,1.43109,1.43044,1.43069
1.43065,1.43108,1.43037,1.43053
1.43059,1.43088,1.42997,1.43054
1.43067,1.43098,1.43017,1.43045
1.43042,1.43081,1.43005,1.43074
1.43053,1.43095,1.43015,1.43069
1.43072,1.43092,1.43037,1.43092
1.43078,1.431,1.43053,1.43086
1.43072,1.43084,1.42997,1.43023
1.43035,1.43057,1.43004,1.43045
1.43023,1.43057,1.42986,1.43044
1.43036,1.43048,1.42976,1.43028
1.43049,1.43076,1.42994,1.43052
1.43067,1.43088,1.43036,1.43056
1.43052,1.43077,1.43013,1.43065
1.43069,1.431,1.43025,1.43055
1.43056,1.43082,1.43032,1.43072
1.43077,1.43109,1.43042,1.43104
1.43107,1.43137,1.43068,1.43071
1.43125,1.43162,1.43078,1.43151
1.43151,1.43181,1.43123,1.43161
1.43148,1.43177,1.43114,1.43133
1.43324,1.43357,1.43294,1.43336
1.43343,1.43358,1.43275,1.43313
1.43306,1.43322,1.43264,1.43306
1.43298,1.4332,1.43244,1.43276
1.43276,1.4329,1.43234,1.43261
1.43245,1.43268,1.43234,1.43254
1.43264,1.43278,1.43224,1.43264
1.43262,1.43268,1.43167,1.43189
1.43191,1.43225,1.43174,1.43214
1.43219,1.43241,1.43192,1.43224
1.43216,1.43228,1.43129,1.43152
1.43154,1.43221,1.43136,1.43173
1.43162,1.43197,1.43103,1.43154
1.43154,1.43209,1.43133,1.43204
1.43206,1.43226,1.43185,1.43208
1.43191,1.43238,1.43185,1.43222
1.43215,1.43242,1.43201,1.43234
1.43262,1.43262,1.43197,1.43225
1.43227,1.43259,1.43212,1.43244
1.4326,1.43297,1.43224,1.43264
1.43236,1.43293,1.43235,1.43267
1.43258,1.43297,1.43243,1.43274
1.43274,1.43297,1.43226,1.43255
1.43277,1.43297,1.43225,1.43291
1.43283,1.43308,1.4325,1.43294
1.43295,1.43307,1.43255,1.43269
1.43263,1.43307,1.43228,1.43268
1.43262,1.4329,1.43225,1.43251
1.43242,1.43258,1.43198,1.43228
1.43227,1.43248,1.43194,1.43226
1.43238,1.43258,1.43196,1.43225
1.432,1.4322,1.43151,1.43179
1.43144,1.43176,1.43096,1.43164
1.43143,1.43167,1.43105,1.43128
1.43127,1.43147,1.43096,1.43123
1.43114,1.43156,1.43076,1.43126
1.43142,1.43142,1.43068,1.43085
1.431,1.43135,1.43068,1.43131
1.43131,1.43167,1.43095,1.43153
1.4315,1.43195,1.43111,1.43177
1.43149,1.4318,1.43096,1.43156
1.43163,1.43182,1.43096,1.43136
1.43128,1.43176,1.43087,1.43161
1.4317,1.4318,1.43118,1.43171
1.43156,1.43217,1.43118,1.43176
1.43165,1.43216,1.43134,1.43204
1.43206,1.43245,1.43175,1.43208
1.43208,1.43248,1.43186,1.43207
1.4319,1.43226,1.43166,1.43186
1.43206,1.43227,1.43156,1.43213
1.43215,1.43275,1.43193,1.43262
1.43266,1.43298,1.43234,1.43265
1.43276,1.4329,1.43233,1.43247
1.43247,1.43269,1.43214,1.43245
1.43245,1.43262,1.43206,1.4322
1.43215,1.43239,1.43175,1.43232
1.43149,1.4318,1.43096,1.43156
1.43163,1.43182,1.43096,1.43136
1.43128,1.43176,1.43087,1.43161
1.4317,1.4318,1.43118,1.43171
1.43156,1.43217,1.43118,1.43176
1.43165,1.43216,1.43134,1.43204
1.43206,1.43245,1.43175,1.43208
1.43208,1.43248,1.43186,1.43207
1.4319,1.43226,1.43166,1.43186
1.43206,1.43227,1.43156,1.43213
1.43215,1.43275,1.43193,1.43262
1.43266,1.43298,1.43234,1.43265
1.43276,1.4329,1.43233,1.43247
1.43247,1.43269,1.43214,1.43245
1.43245,1.43262,1.43206,1.4322
1.43215,1.43239,1.43175,1.43232
1.43228,1.4326,1.43204,1.43232
1.43236,1.43248,1.432,1.43237
1.43227,1.43259,1.43203,1.43233
1.43254,1.43279,1.43207,1.43263
1.43257,1.43272,1.43222,1.43247
1.43252,1.4327,1.43198,1.43253
1.43265,1.43284,1.43215,1.43273
1.43277,1.4333,1.43265,1.43306
1.43297,1.43328,1.43278,1.43305
1.43312,1.43312,1.43254,1.43284
1.43276,1.43298,1.43245,1.43285
1.43293,1.433,1.43233,1.43249
1.43097,1.4314,1.43092,1.43134
1.43138,1.43159,1.43102,1.43152
1.43155,1.43168,1.43124,1.43139
1.43147,1.43165,1.4311,1.43118
1.43135,1.43172,1.43121,1.43155
1.43147,1.43199,1.43133,1.43176
1.43174,1.432,1.43133,1.43165
1.43154,1.4316,1.43105,1.43142
1.43139,1.43188,1.43125,1.43167
1.43156,1.43176,1.43097,1.43125
1.43123,1.43177,1.43095,1.43166
1.43162,1.43197,1.4314,1.4316
1.4318,1.43199,1.43147,1.43161
1.43158,1.43175,1.4312,1.4314
1.43131,1.43156,1.43104,1.43142
1.4314,1.43164,1.43106,1.43136
1.43138,1.43147,1.43096,1.43108
1.43094,1.43137,1.43082,1.43117
1.43118,1.43148,1.43095,1.43132
1.4315,1.43185,1.43133,1.43162
1.4316,1.43186,1.43124,1.43176
1.43181,1.43254,1.43165,1.43244
1.43237,1.4324,1.43159,1.43159
1.43179,1.43194,1.43148,1.43174
1.43177,1.43212,1.43166,1.43209
1.432,1.4323,1.43185,1.43218
1.43215,1.43219,1.43176,1.43187
1.43167,1.43248,1.4316,1.43245
1.43155,1.43168,1.43124,1.43139
1.43147,1.43165,1.4311,1.43118
1.43135,1.43172,1.43121,1.43155
1.43147,1.43199,1.43133,1.43176
1.43174,1.432,1.43133,1.43165
1.43154,1.4316,1.43105,1.43142
1.43139,1.43188,1.43125,1.43167
1.43156,1.43176,1.43097,1.43125
1.43123,1.43177,1.43095,1.43166
1.43162,1.43197,1.4314,1.4316
1.4318,1.43199,1.43147,1.43161
1.43158,1.43175,1.4312,1.4314
1.43131,1.43156,1.43104,1.43142
1.4314,1.43164,1.43106,1.43136
1.43138,1.43147,1.43096,1.43108
1.43094,1.43137,1.43082,1.43117
1.43118,1.43148,1.43095,1.43132
1.4315,1.43185,1.43133,1.43162
1.4316,1.43186,1.43124,1.43176
1.43181,1.43254,1.43165,1.43244
1.43237,1.4324,1.43159,1.43159
1.43179,1.43194,1.43148,1.43174
1.43177,1.43212,1.43166,1.43209
1.432,1.4323,1.43185,1.43218
1.43215,1.43219,1.43176,1.43187
1.43167,1.43248,1.4316,1.43245
1.43252,1.43268,1.43226,1.43239
1.43233,1.43303,1.43225,1.43288
1.43127,1.43148,1.43113,1.43148
1.43146,1.43146,1.43102,1.43123
1.4313,1.43149,1.43106,1.43119
1.43108,1.43116,1.43057,1.43077
1.43083,1.43123,1.43056,1.43082
1.43089,1.43122,1.43046,1.43068
1.43056,1.43079,1.43032,1.43063
1.43066,1.43078,1.43041,1.43063
1.43068,1.43092,1.43033,1.43066
1.43064,1.43082,1.4302,1.4307
1.43074,1.43093,1.43053,1.43055
1.43056,1.43092,1.43034,1.43076
1.43073,1.431,1.43039,1.43075
1.43085,1.4309,1.43045,1.43054
1.4306,1.43106,1.43055,1.43101
1.43096,1.43118,1.43073,1.43107
1.43095,1.43131,1.43085,1.43107
1.43108,1.43128,1.43081,1.43103
1.43121,1.43135,1.43093,1.43124
1.43114,1.43128,1.43092,1.43123
1.43116,1.43132,1.4308,1.4309
1.43101,1.43115,1.43071,1.43093
1.43102,1.43116,1.43076,1.43089
1.4308,1.43086,1.43031,1.43067
1.43062,1.43084,1.43035,1.4307
1.43072,1.43084,1.43037,1.43065
1.43068,1.43075,1.43024,1.43041
1.43073,1.43102,1.4305,1.43085
1.43083,1.43123,1.43056,1.43082
1.43089,1.43122,1.43046,1.43068
1.43056,1.43079,1.43032,1.43063
1.43066,1.43078,1.43041,1.43063
1.43068,1.43092,1.43033,1.43066
1.43064,1.43082,1.4302,1.4307
1.43074,1.43093,1.43053,1.43055
1.43056,1.43092,1.43034,1.43076
1.43073,1.431,1.43039,1.43075
1.43085,1.4309,1.43045,1.43054
1.4306,1.43106,1.43055,1.43101
1.43096,1.43118,1.43073,1.43107
1.43095,1.43131,1.43085,1.43107
1.43108,1.43128,1.43081,1.43103
1.43121,1.43135,1.43093,1.43124
1.43114,1.43128,1.43092,1.43123
1.43116,1.43132,1.4308,1.4309
1.43101,1.43115,1.43071,1.43093
1.43102,1.43116,1.43076,1.43089
1.4308,1.43086,1.43031,1.43067
1.43062,1.43084,1.43035,1.4307
1.43072,1.43084,1.43037,1.43065
1.43068,1.43075,1.43024,1.43041
1.43073,1.43102,1.4305,1.43085
1.43098,1.43135,1.43082,1.43122
1.4312,1.43145,1.43066,1.43123
1.43132,1.43136,1.43101,1.43122
1.43121,1.43128,1.43075,1.43097
1.42972,1.43005,1.42938,1.42982
1.42984,1.43027,1.42969,1.43013
1.43002,1.43043,1.42983,1.43022
1.43047,1.4305,1.43003,1.43007
1.43038,1.43057,1.43009,1.43024
1.43007,1.43048,1.42965,1.43026
1.4302,1.43039,1.42993,1.43024
1.43018,1.43035,1.42946,1.43014
1.42998,1.43025,1.42965,1.42982
1.42994,1.43032,1.42978,1.4302
1.43008,1.43036,1.42975,1.43015
1.43004,1.43033,1.42983,1.42995
1.42997,1.43021,1.42992,1.43005
1.42992,1.43011,1.42974,1.42996
1.43,1.43025,1.42978,1.43023
1.43024,1.43047,1.42956,1.43023
1.43011,1.43055,1.42977,1.43034
1.4303,1.43059,1.43003,1.43046
1.43045,1.43073,1.43018,1.43054
1.43071,1.43097,1.43045,1.43075
1.43058,1.43079,1.43038,1.43066
1.43058,1.43112,1.43045,1.43098
1.43085,1.43107,1.43047,1.43089
1.4307,1.43086,1.43054,1.4306
1.43061,1.43096,1.43047,1.43079
1.43084,1.43116,1.43064,1.43079
1.43066,1.43116,1.43044,1.43091
1.43094,1.43101,1.43056,1.43079
1.42829,1.42854,1.42814,1.42833
1.42835,1.42858,1.42814,1.42846
1.42842,1.42859,1.42816,1.42831
1.42825,1.42885,1.42822,1.42878
1.42861,1.4289,1.42846,1.42869
1.42872,1.42872,1.42803,1.42843
1.42847,1.42889,1.42834,1.42867
1.42876,1.42882,1.42841,1.42858
1.42861,1.42898,1.42836,1.42858
1.42887,1.42919,1.42846,1.42913
1.42908,1.42928,1.4285,1.42902
1.4291,1.42917,1.42874,1.4288
1.42879,1.42929,1.42873,1.42924
1.4293,1.42943,1.42895,1.42906
1.42909,1.42914,1.42857,1.42912
1.42904,1.42919,1.42883,1.42904
1.42885,1.42928,1.42865,1.42928
1.42921,1.42929,1.42883,1.42917
1.42915,1.42928,1.42874,1.42914
1.42913,1.42956,1.42892,1.42944
1.42949,1.42958,1.42905,1.42926
1.42923,1.42939,1.42892,1.42908
1.42905,1.4292,1.42881,1.42904
1.42903,1.42909,1.42854,1.42877
1.42877,1.429,1.42833,1.4289
1.42877,1.42897,1.42854,1.42867
1.42856,1.42879,1.42841,1.42864
1.42864,1.42875,1.42835,1.42854
1.4269,1.42748,1.42666,1.42725
1.42733,1.4274,1.42684,1.42715
1.42709,1.42738,1.42694,1.42701
1.42721,1.42756,1.427,1.42749
1.4274,1.4278,1.42694,1.42773
1.42771,1.42794,1.4274,1.42782
1.42792,1.42808,1.42746,1.42787
1.42774,1.42796,1.42727,1.4275
1.42781,1.42873,1.42726,1.42873
1.42921,1.43474,1.4285,1.43414
1.43454,1.43564,1.43323,1.43564
1.43607,1.43696,1.43505,1.43598
1.43626,1.43644,1.43401,1.43414
1.43376,1.4345,1.4323,1.43286
1.43307,1.43444,1.43281,1.43386
1.43379,1.43452,1.43356,1.43416
1.43411,1.43535,1.43375,1.43417
1.43417,1.43536,1.43406,1.43457
1.43492,1.43642,1.43452,1.43628
1.43593,1.43711,1.43537,1.43623
1.43576,1.4366,1.43521,1.43533
1.43528,1.43585,1.43477,1.4356
1.43555,1.43652,1.43526,1.43594
1.43596,1.43636,1.43564,1.43596
1.43589,1.43755,1.4358,1.43688
1.43697,1.43768,1.43678,1.43724
1.4373,1.43841,1.43699,1.43804
1.43792,1.43808,1.43706,1.43771
1.43792,1.43808,1.43706,1.43771
1.43777,1.43797,1.43707,1.4372
1.43738,1.43898,1.43726,1.4389
1.43906,1.44021,1.43901,1.43999
1.43998,1.44031,1.43932,1.43942
1.43938,1.43992,1.43859,1.43957
1.43937,1.44067,1.43926,1.44035
1.44017,1.4414,1.43985,1.44134
1.44114,1.44135,1.43991,1.43997
1.44012,1.4407,1.43991,1.44006
1.44004,1.44043,1.43965,1.44026
1.44045,1.44087,1.43966,1.44016
1.44016,1.44073,1.43995,1.44039
1.44031,1.44056,1.43908,1.43911
1.43913,1.43946,1.43848,1.43896
1.43889,1.43915,1.43817,1.43866
1.43861,1.43874,1.438,1.43854
1.43863,1.43926,1.43797,1.43886
1.43899,1.43964,1.43836,1.43922
1.43922,1.43935,1.43831,1.43848
1.43836,1.43884,1.43796,1.43864
1.43866,1.43895,1.43812,1.43838
1.43852,1.43867,1.43778,1.4378
1.43783,1.43869,1.43763,1.43855
1.43852,1.43857,1.43793,1.43831
1.43815,1.4386,1.43756,1.43788
1.43778,1.43825,1.43765,1.43814
1.43836,1.43847,1.43775,1.43807
1.43516,1.43519,1.43429,1.43481
1.43495,1.43503,1.43409,1.43455
1.43443,1.43472,1.43367,1.43428
1.43414,1.43489,1.43403,1.43465
1.43484,1.43498,1.43406,1.43482
1.43496,1.4352,1.43463,1.43504
1.43518,1.43547,1.43481,1.4353
1.43528,1.43557,1.43498,1.43536
1.43538,1.43566,1.43508,1.43548
1.43549,1.43554,1.43476,1.43498
1.43479,1.43497,1.43399,1.43401
1.43395,1.43437,1.43371,1.43408
1.43396,1.43405,1.43344,1.43362
1.43348,1.43363,1.43257,1.43283
1.43279,1.43339,1.43267,1.43324
1.43301,1.43359,1.43267,1.43299
1.43307,1.43336,1.43273,1.43323
1.43338,1.43398,1.43293,1.43366
1.43352,1.4339,1.43325,1.43375
1.43373,1.43381,1.4317,1.4317
1.4316,1.43197,1.43045,1.43053
1.43056,1.43094,1.42993,1.42993
1.42991,1.43118,1.42991,1.43113
1.43117,1.4315,1.43086,1.43127
1.43137,1.43159,1.43085,1.43113
1.43125,1.43161,1.43104,1.43145
1.43148,1.43196,1.43135,1.43175
1.43166,1.43198,1.43133,1.43148
1.43117,1.4315,1.43086,1.43127
1.43137,1.43159,1.43085,1.43113
1.43125,1.43161,1.43104,1.43145
1.43148,1.43196,1.43135,1.43175
1.43166,1.43198,1.43133,1.43148
1.43149,1.43194,1.43099,1.4315
1.43179,1.43199,1.43133,1.43172
1.43166,1.43219,1.43152,1.4319
1.43187,1.43217,1.43148,1.43176
1.4318,1.43234,1.43158,1.43203
1.43214,1.43237,1.43183,1.43223
1.43215,1.43238,1.43167,1.43186
1.43172,1.43185,1.43085,1.43175
1.43156,1.43251,1.43138,1.43239
1.43254,1.43255,1.43209,1.43227
1.43236,1.43246,1.4317,1.43198
1.43176,1.43227,1.43163,1.4318
1.43183,1.43212,1.43138,1.432
1.43232,1.43232,1.43156,1.43168
1.43165,1.43199,1.43152,1.43185
1.43181,1.43223,1.43138,1.43213
1.43209,1.43242,1.43173,1.43231
1.43251,1.43287,1.43217,1.43269
1.43277,1.43308,1.43237,1.43257
1.43249,1.43285,1.43226,1.43257
1.43259,1.43294,1.43231,1.43257
1.43234,1.4329,1.43222,1.43259
1.43283,1.43296,1.43236,1.43293
1.43194,1.43247,1.43192,1.43215
1.43223,1.43246,1.43179,1.43233
1.43226,1.43259,1.43206,1.43246
1.43235,1.43258,1.43204,1.43245
1.43247,1.43262,1.43232,1.43246
1.43262,1.43269,1.43213,1.43226
1.43227,1.4325,1.43204,1.43242
1.43232,1.43336,1.43229,1.43303
1.43325,1.43337,1.43282,1.43318
1.43307,1.43406,1.43294,1.43368
1.4336,1.43368,1.43317,1.43357
1.43356,1.43405,1.43343,1.43382
1.43369,1.43397,1.43333,1.43354
1.43358,1.43403,1.43337,1.43381
1.43376,1.43389,1.43324,1.43361
1.43375,1.43406,1.43353,1.43385
1.43388,1.43436,1.43365,1.43405
1.43425,1.43436,1.4337,1.43391
1.43386,1.434,1.43341,1.43355
1.43369,1.43404,1.43326,1.43373
1.43366,1.4339,1.43332,1.43373
1.43375,1.43389,1.43341,1.43349
1.43347,1.43412,1.43337,1.43393
1.43395,1.43407,1.43356,1.43376
1.43356,1.43388,1.43343,1.43382
1.43372,1.43408,1.43344,1.43369
1.43366,1.434,1.43354,1.43387
1.43377,1.434,1.4336,1.43368
1.43358,1.43403,1.43337,1.43381
1.43376,1.43389,1.43324,1.43361
1.43375,1.43406,1.43353,1.43385
1.43388,1.43436,1.43365,1.43405
1.43425,1.43436,1.4337,1.43391
1.43386,1.434,1.43341,1.43355
1.43369,1.43404,1.43326,1.43373
1.43366,1.4339,1.43332,1.43373
1.43375,1.43389,1.43341,1.43349
1.43347,1.43412,1.43337,1.43393
1.43395,1.43407,1.43356,1.43376
1.43356,1.43388,1.43343,1.43382
1.43372,1.43408,1.43344,1.43369
1.43366,1.434,1.43354,1.43387
1.43377,1.434,1.4336,1.43368
1.43354,1.43392,1.43344,1.43384
1.43374,1.43386,1.43347,1.43366
1.43355,1.43387,1.43342,1.43376
1.43377,1.43409,1.43351,1.43385
1.43394,1.43421,1.43373,1.43408
1.43397,1.43406,1.43336,1.43378
1.43382,1.4339,1.43338,1.43338
1.43362,1.43377,1.43335,1.43361
1.43364,1.434,1.4335,1.43393
1.43374,1.43457,1.43364,1.4343
1.43431,1.43447,1.43395,1.43415
1.43415,1.4347,1.43402,1.43462
1.43459,1.43468,1.43425,1.43437
1.43679,1.43709,1.43656,1.43676
1.4368,1.4369,1.43671,1.43683
1.43677,1.43706,1.43672,1.43697
1.43705,1.4372,1.43692,1.43706
1.43684,1.43716,1.43651,1.43659
1.43677,1.43702,1.43643,1.43685
1.43676,1.43707,1.43668,1.43687
1.43668,1.43722,1.43662,1.43707
1.43713,1.43775,1.43695,1.43752
1.4374,1.43766,1.43715,1.43758
1.43767,1.43781,1.43726,1.43754
1.43746,1.43798,1.4374,1.43759
1.43767,1.43786,1.43727,1.43769
1.43782,1.43785,1.43736,1.43767
1.43739,1.43788,1.43733,1.43775
1.43774,1.43918,1.43755,1.43907
1.439,1.43914,1.4387,1.4389
1.43879,1.43907,1.43857,1.43887
1.43869,1.43906,1.43857,1.43882
1.4388,1.43901,1.43846,1.43865
1.43851,1.43874,1.43827,1.43844
1.43887,1.43959,1.4386,1.43952
1.43973,1.43993,1.43947,1.43974
1.4397,1.43994,1.43953,1.43984
1.43981,1.43985,1.43932,1.43936
1.43928,1.43984,1.43886,1.43954
1.43918,1.43956,1.43906,1.43926
1.43983,1.44001,1.43952,1.43997
1.43935,1.44073,1.4393,1.44058
1.4406,1.44085,1.44041,1.44078
1.44088,1.4412,1.44075,1.44101
1.44091,1.44113,1.44052,1.44096
1.44112,1.44128,1.441,1.44115
1.44156,1.44205,1.44132,1.44204
1.44222,1.44238,1.44194,1.44232
1.44244,1.44328,1.44232,1.44316
1.44306,1.44382,1.44293,1.44332
1.44325,1.44329,1.4425,1.44263
1.44276,1.44284,1.44243,1.44255
1.44252,1.44259,1.44192,1.44211
1.44209,1.44249,1.44195,1.44235
1.44203,1.44245,1.44195,1.44227
1.44207,1.44236,1.44183,1.44195
1.44215,1.44219,1.44165,1.44181
1.44188,1.44188,1.44142,1.44173
1.4417,1.44234,1.44159,1.44218
1.44228,1.44241,1.44205,1.44241
1.44227,1.44241,1.44215,1.44238
1.44213,1.44265,1.44207,1.44243
1.44239,1.44247,1.44216,1.44228
1.44248,1.44256,1.44196,1.44219
1.44211,1.44213,1.4417,1.442
1.4421,1.44214,1.44188,1.44211
1.44216,1.44276,1.442,1.44266
1.44259,1.44268,1.44239,1.44239
1.44254,1.44273,1.44225,1.44253
1.44272,1.4429,1.44247,1.44251
1.44252,1.4427,1.44211,1.44255
1.44255,1.44329,1.44252,1.44306
1.44331,1.44361,1.4429,1.4432
1.44309,1.44322,1.44288,1.44303
1.44308,1.44325,1.44273,1.44285
1.44278,1.44281,1.44218,1.44242
1.44236,1.44241,1.44193,1.44214
1.44197,1.44225,1.44172,1.44209
1.442,1.44213,1.44171,1.44191
1.44191,1.4422,1.44177,1.4422
1.44216,1.44234,1.442,1.442
1.44184,1.4421,1.44175,1.44192
1.44184,1.44194,1.44167,1.44187
1.44183,1.44211,1.44171,1.44211
1.4421,1.44223,1.44181,1.44202
1.44185,1.44203,1.44173,1.44178
1.44192,1.44214,1.44178,1.44206
1.44203,1.44228,1.44185,1.442
1.44207,1.44294,1.44207,1.44272
1.44276,1.44282,1.44244,1.44264
1.44276,1.44282,1.44219,1.44239
1.44234,1.44236,1.44196,1.44218
1.44216,1.44235,1.44194,1.44206
1.44216,1.44217,1.44165,1.44192
1.442,1.44205,1.44165,1.44175
1.44185,1.44201,1.44145,1.44181
1.44182,1.44209,1.44166,1.44196
1.45253,1.45272,1.45221,1.45237
1.45252,1.4531,1.45241,1.45289
1.45302,1.45308,1.45252,1.45275
1.45268,1.45297,1.45242,1.45286
1.45283,1.45283,1.45246,1.45255
1.45249,1.45265,1.45196,1.45217
1.45214,1.45257,1.45203,1.45216
1.45203,1.45244,1.45189,1.45236
1.45222,1.45244,1.45195,1.45206
1.45204,1.45234,1.45175,1.4523
1.45225,1.45246,1.45183,1.45205
1.45207,1.45211,1.45126,1.4515
1.45137,1.45158,1.45101,1.45144
1.45134,1.45148,1.45101,1.45119
1.45123,1.45146,1.45101,1.4514
1.45146,1.45156,1.45115,1.45149
1.45148,1.45186,1.45122,1.45162
1.45163,1.45178,1.45135,1.45155
1.45129,1.45158,1.45123,1.45143
1.45139,1.45158,1.45125,1.45136
1.45148,1.45157,1.45132,1.45154
1.45148,1.45159,1.45122,1.45143
1.45146,1.4515,1.45112,1.45125
1.45131,1.4514,1.45116,1.45125
1.45115,1.45157,1.45101,1.45135
1.45125,1.45176,1.45105,1.45153
1.45153,1.45175,1.45101,1.4516
1.45168,1.45187,1.45148,1.45148
1.45276,1.45346,1.45263,1.45317
1.45313,1.45342,1.45262,1.45301
1.45291,1.45309,1.45266,1.45277
1.45277,1.45291,1.45234,1.45273
1.45279,1.45337,1.45254,1.45318
1.45288,1.45318,1.45261,1.45261
1.45277,1.45298,1.45253,1.45277
1.45272,1.45281,1.45257,1.45274
1.45251,1.45261,1.45227,1.45232
1.45212,1.45227,1.45149,1.4516
1.45172,1.45211,1.45148,1.45162
1.4514,1.45187,1.45131,1.45155
1.45156,1.45175,1.45126,1.45145
1.45134,1.45154,1.45096,1.45108
1.45136,1.4515,1.45111,1.45118
1.45121,1.45139,1.45083,1.45125
1.45127,1.45148,1.45106,1.45134
1.4516,1.4516,1.45101,1.45107
1.45138,1.45163,1.45115,1.45152
1.45175,1.45183,1.45108,1.45134
1.45136,1.45168,1.45102,1.45142
1.45132,1.45175,1.45107,1.45151
1.45147,1.45163,1.45097,1.45151
1.45164,1.45196,1.45135,1.4515
1.4515,1.45161,1.45123,1.45131
1.45134,1.45148,1.45093,1.45133
1.45135,1.45149,1.451,1.45114
1.45116,1.45146,1.45096,1.45136
1.45162,1.45186,1.45108,1.45156
1.45158,1.45175,1.45122,1.45162
1.45167,1.4518,1.45133,1.45138
1.45141,1.45153,1.451,1.45139
1.45142,1.45164,1.45115,1.45126
1.4514,1.45158,1.45096,1.45109
1.45086,1.45131,1.45082,1.45125
1.45106,1.45149,1.45101,1.45133
1.45137,1.45148,1.45103,1.45132
1.45115,1.45146,1.45094,1.45136
1.4514,1.45178,1.45105,1.45176
1.45175,1.45188,1.45146,1.45174
1.45179,1.45187,1.45136,1.45163
1.45153,1.45177,1.45124,1.45156
1.45158,1.45189,1.45124,1.45166
1.45195,1.45227,1.45136,1.45222
1.45224,1.45227,1.45187,1.45217
1.45221,1.45238,1.45194,1.45218
1.4521,1.45237,1.45185,1.45223
1.45225,1.4524,1.45201,1.45227
1.45225,1.45275,1.45196,1.45264
1.45271,1.45352,1.45252,1.453
1.45308,1.45321,1.45265,1.45294
1.45251,1.45307,1.45246,1.45268
1.45251,1.45288,1.45238,1.45277
1.45286,1.453,1.45252,1.45274
1.45256,1.45271,1.45208,1.45248
1.45253,1.45293,1.45216,1.45237
1.45318,1.45327,1.45293,1.45297
1.45307,1.45319,1.45264,1.45292
1.453,1.45317,1.45268,1.45301
1.45307,1.45313,1.45265,1.45302
1.45291,1.45315,1.45267,1.45284
1.45286,1.45327,1.45273,1.45316
1.45311,1.45321,1.45255,1.45313
1.45308,1.45317,1.45273,1.45303
1.45306,1.45327,1.45259,1.45279
1.45271,1.45298,1.45231,1.45269
1.45259,1.45287,1.45249,1.45278
1.45272,1.45301,1.45233,1.45291
1.45291,1.45315,1.45268,1.45289
1.45291,1.453,1.45256,1.45283
1.45264,1.45298,1.45251,1.45272
1.4529,1.45309,1.45274,1.45294
1.45289,1.45328,1.45276,1.45313
1.45308,1.45327,1.45276,1.45325
1.45324,1.45324,1.4527,1.45296
1.45299,1.45321,1.45283,1.45304
1.453,1.45317,1.45264,1.45296
1.45303,1.45309,1.45273,1.45301
1.45296,1.45319,1.45248,1.45284
1.45307,1.45329,1.45277,1.45314
1.45303,1.45319,1.45276,1.45295
1.45296,1.45335,1.45273,1.45324
1.45331,1.45381,1.45287,1.45372
1.45363,1.45391,1.4534,1.45366
1.45254,1.45276,1.45223,1.45256
1.45269,1.45286,1.45233,1.4526
1.45255,1.45289,1.45241,1.45268
1.45264,1.4529,1.45241,1.45275
1.45264,1.45283,1.45244,1.45274
1.45272,1.45277,1.45218,1.45236
1.45232,1.45259,1.45195,1.45229
1.45197,1.45227,1.45182,1.45206
1.45199,1.45239,1.45182,1.45232
1.45232,1.4524,1.45195,1.452
1.45217,1.45238,1.45193,1.45215
1.45224,1.45239,1.45181,1.45214
1.45214,1.45238,1.452,1.45226
1.45227,1.4525,1.45203,1.45227
1.45196,1.45239,1.45194,1.45218
1.45217,1.45222,1.4518,1.45206
1.45205,1.45237,1.45193,1.45233
1.45236,1.4525,1.45201,1.45233
1.45237,1.45299,1.45231,1.4527
1.45238,1.45288,1.45232,1.45269
1.4525,1.4529,1.45241,1.45257
1.45264,1.45289,1.45243,1.45275
1.45273,1.45281,1.45222,1.45247
1.45245,1.45277,1.45222,1.45271
1.45271,1.45279,1.45213,1.45227
1.45218,1.45246,1.45193,1.45227
1.45231,1.45251,1.45203,1.45227
1.45217,1.45253,1.452,1.45253
1.45071,1.4509,1.45023,1.45055
1.45044,1.45057,1.44992,1.45023
1.45014,1.4504,1.44983,1.45007
1.4502,1.45046,1.44957,1.44993
1.44988,1.45,1.44937,1.44966
1.44971,1.45007,1.44948,1.45005
1.44998,1.45014,1.44959,1.44985
1.44985,1.45035,1.44966,1.45034
1.45033,1.45088,1.45004,1.45074
1.45084,1.451,1.45054,1.45085
1.45076,1.45098,1.45049,1.45066
1.45065,1.4508,1.45003,1.45008
1.45005,1.45032,1.44975,1.45013
1.45016,1.45039,1.44973,1.44997
1.45005,1.45018,1.44972,1.44978
1.44984,1.45034,1.44961,1.45022
1.4503,1.45076,1.45,1.45053
1.45068,1.45127,1.45052,1.45078
1.45095,1.45118,1.45061,1.45088
1.45083,1.45089,1.45023,1.45036
1.45057,1.4508,1.45025,1.45073
1.45077,1.45088,1.45044,1.45049
1.45051,1.4512,1.45051,1.45105
1.45093,1.4511,1.45051,1.45077
1.45091,1.45142,1.45091,1.45107
1.45056,1.45118,1.45051,1.45118
1.45123,1.45132,1.45075,1.45118
1.45125,1.45179,1.45114,1.45147
1.44882,1.44917,1.44874,1.4489
1.449,1.449,1.44859,1.44874
1.44879,1.44885,1.4485,1.44871
1.44866,1.44906,1.4486,1.44904
1.44889,1.44917,1.44884,1.44888
1.44874,1.44899,1.44865,1.44879
1.44871,1.44871,1.4481,1.44847
1.44845,1.44853,1.44824,1.44846
1.4484,1.44876,1.44834,1.4487
1.44858,1.44894,1.4485,1.44894
1.44893,1.44901,1.4486,1.44891
1.44893,1.449,1.44854,1.44873
1.44893,1.44909,1.44861,1.44881
1.44886,1.44926,1.44866,1.44901
1.44886,1.44906,1.44872,1.44894
1.449,1.44927,1.44867,1.44912
1.44913,1.44919,1.44874,1.44904
1.44913,1.44927,1.44838,1.44846
1.44833,1.44833,1.44712,1.44743
1.44742,1.44747,1.44674,1.44713
1.4473,1.44735,1.44597,1.44643
1.44635,1.44651,1.4459,1.44649
1.44656,1.4472,1.44625,1.44701
1.447,1.44726,1.44644,1.44647
1.44674,1.44684,1.44618,1.44638
1.44667,1.44676,1.44612,1.44657
1.44639,1.44661,1.4458,1.44614
1.44611,1.44646,1.44575,1.44593
1.44832,1.44839,1.44807,1.44823
1.44835,1.44857,1.44806,1.44838
1.44826,1.44839,1.44818,1.44834
1.44826,1.44846,1.44812,1.44826
1.44833,1.44843,1.44829,1.44834
1.44815,1.44886,1.44809,1.44884
1.44873,1.44888,1.44853,1.44873
1.44867,1.44915,1.44867,1.44902
1.44916,1.44924,1.44869,1.44907
1.44901,1.44917,1.44889,1.44891
1.44891,1.44904,1.44848,1.44864
1.44842,1.4487,1.44837,1.44859
1.44862,1.44866,1.44833,1.44855
1.44875,1.44881,1.4484,1.44844
1.44844,1.44869,1.44833,1.44867
1.44868,1.44871,1.44831,1.44852
1.44864,1.44865,1.44821,1.44845
1.44861,1.44865,1.44828,1.44859
1.44859,1.44866,1.44822,1.44852
1.44844,1.44858,1.44821,1.44843
1.44848,1.44861,1.44823,1.44844
1.44835,1.44859,1.44823,1.44846
1.44844,1.44858,1.44839,1.44854
1.44838,1.44847,1.44829,1.44844
1.44842,1.44869,1.44833,1.44843
1.44857,1.44871,1.44831,1.44841
1.44847,1.44869,1.44823,1.44858
1.44847,1.44871,1.44843,1.44853
